patient_id,payer,coverage_start,coverage_end
PT00000,Medicare,2021-10-12,2026-06-30
PT00001,Medicare,2021-11-02,2026-06-30
PT00002,Commercial,2021-02-16,2026-06-30
PT00003,Medicaid,2021-03-06,2026-06-30
PT00004,Commercial,2021-05-29,2026-06-30
PT00005,Commercial,2021-06-25,2026-06-30
PT00006,Medicare,2021-12-07,2026-06-30
PT00007,Medicaid,2021-04-06,2026-06-30
PT00008,Commercial,2021-11-21,2026-06-30
PT00009,Medicare,2021-01-11,2026-06-30
PT00010,Medicare,2021-11-12,2026-06-30
PT00011,Commercial,2021-04-23,2026-06-30
PT00012,Medicare,2021-04-26,2026-06-30
PT00013,Medicare,2021-06-28,2026-06-30
PT00014,Medicare,2021-05-19,2026-06-30
PT00015,Commercial,2021-07-13,2026-06-30
PT00016,Medicaid,2021-07-01,2026-06-30
PT00017,Commercial,2021-10-26,2026-06-30
PT00018,Medicare,2021-08-21,2026-06-30
PT00019,Commercial,2021-02-20,2026-06-30
PT00020,Medicaid,2021-05-19,2026-06-30
PT00021,Medicare,2021-05-04,2026-06-30
PT00022,Medicaid,2021-09-19,2026-06-30
PT00023,Medicare,2021-04-15,2026-06-30
PT00024,Medicare,2021-07-27,2026-06-30
PT00025,Commercial,2021-05-16,2026-06-30
PT00026,Commercial,2021-03-06,2026-06-30
PT00027,Commercial,2021-05-19,2024-12-24
PT00028,Medicare,2021-01-20,2026-06-30
PT00029,Commercial,2021-09-12,2026-06-30
PT00030,Commercial,2021-04-14,2026-06-30
PT00031,Medicare,2021-03-18,2026-06-30
PT00032,Commercial,2021-06-14,2026-06-30
PT00033,Commercial,2021-01-05,2026-06-30
PT00034,Commercial,2021-01-21,2026-06-30
PT00035,Commercial,2021-07-15,2026-06-30
PT00036,Commercial,2021-02-13,2026-06-30
PT00037,Commercial,2021-04-03,2026-06-30
PT00038,Medicare,2021-02-04,2026-06-30
PT00039,Medicare,2021-06-23,2026-06-30
PT00040,Medicare,2021-09-12,2026-06-30
PT00041,Medicare,2021-10-10,2026-06-30
PT00042,Commercial,2021-04-21,2026-06-30
PT00043,Commercial,2021-05-09,2026-06-30
PT00044,Commercial,2021-07-01,2026-06-30
PT00045,Medicare,2021-11-23,2026-06-30
PT00046,Medicare,2021-01-20,2026-06-30
PT00047,Medicare,2021-03-30,2026-06-30
PT00048,Commercial,2021-04-18,2026-06-30
PT00049,Medicare,2021-07-24,2026-06-30
PT00050,Medicaid,2021-08-14,2026-06-30
PT00051,Commercial,2021-07-18,2026-06-30
PT00052,Commercial,2021-04-21,2026-06-30
PT00053,Medicare,2021-04-14,2026-06-30
PT00054,Medicaid,2021-01-28,2026-06-30
PT00055,Commercial,2021-12-25,2026-06-30
PT00056,Medicaid,2021-07-10,2026-06-30
PT00057,Medicaid,2021-03-21,2026-06-30
PT00058,Commercial,2021-10-07,2026-06-30
PT00059,Commercial,2021-02-27,2026-06-30
PT00060,Medicare,2021-05-02,2026-06-30
PT00061,Commercial,2021-06-21,2026-06-30
PT00062,Medicare,2021-08-19,2026-06-30
PT00063,Commercial,2021-04-03,2026-06-30
PT00064,Medicare,2021-06-15,2026-06-30
PT00065,Medicare,2021-07-08,2026-06-30
PT00066,Medicare,2021-07-08,2026-06-30
PT00067,Medicare,2021-07-24,2026-06-30
PT00068,Commercial,2021-07-05,2026-06-30
PT00069,Medicare,2021-02-17,2023-01-27
PT00070,Medicare,2021-06-13,2026-06-30
PT00071,Medicare,2021-07-21,2026-06-30
PT00072,Commercial,2021-10-18,2026-06-30
PT00073,Medicare,2021-03-31,2026-06-30
PT00074,Medicare,2021-06-04,2026-06-30
PT00075,Medicare,2021-08-16,2026-06-30
PT00076,Commercial,2021-11-18,2026-06-30
PT00077,Commercial,2021-05-17,2026-06-30
PT00078,Commercial,2021-10-05,2026-06-30
PT00079,Commercial,2021-05-28,2026-06-30
PT00080,Medicare,2021-05-28,2026-06-30
PT00081,Medicaid,2021-09-13,2026-06-30
PT00082,Commercial,2021-02-15,2026-06-30
PT00083,Medicaid,2021-04-27,2026-06-30
PT00084,Medicare,2021-08-02,2025-06-27
PT00085,Commercial,2021-02-01,2026-06-30
PT00086,Commercial,2021-04-14,2026-06-30
PT00087,Commercial,2021-04-02,2026-06-30
PT00088,Medicare,2021-09-25,2026-06-30
PT00089,Commercial,2021-02-05,2026-06-30
PT00090,Commercial,2021-01-08,2026-06-30
PT00091,Medicaid,2021-04-06,2026-06-30
PT00092,Commercial,2021-11-18,2026-06-30
PT00093,Commercial,2021-01-14,2026-06-30
PT00094,Medicaid,2021-05-19,2026-06-30
PT00095,Medicare,2021-11-09,2026-06-30
PT00096,Medicare,2021-08-13,2026-06-30
PT00097,Commercial,2021-07-21,2026-06-30
PT00098,Medicare,2020-12-31,2026-06-30
PT00099,Medicare,2021-06-30,2026-06-30
PT00100,Commercial,2021-04-30,2025-02-27
PT00100,Commercial,2025-05-20,2026-06-30
PT00101,Commercial,2021-10-02,2026-06-30
PT00102,Medicare,2021-06-14,2026-06-30
PT00103,Medicare,2021-12-11,2026-06-30
PT00104,Commercial,2021-01-28,2026-06-30
PT00105,Medicaid,2021-09-18,2026-06-30
PT00106,Commercial,2021-04-10,2026-06-30
PT00107,Commercial,2021-03-01,2026-06-30
PT00108,Commercial,2021-11-03,2023-05-08
PT00108,Commercial,2023-07-21,2026-06-30
PT00109,Medicare,2021-08-30,2026-06-30
PT00110,Medicare,2021-05-23,2026-06-30
PT00111,Medicaid,2021-09-16,2026-06-30
PT00112,Medicare,2021-09-07,2024-11-05
PT00113,Medicare,2021-11-16,2026-06-30
PT00114,Medicare,2021-10-18,2026-06-30
PT00115,Commercial,2021-06-28,2026-06-30
PT00116,Commercial,2021-08-05,2026-06-30
PT00117,Commercial,2021-11-28,2026-06-30
PT00118,Medicare,2021-09-07,2026-06-30
PT00119,Commercial,2021-10-24,2026-06-30
PT00120,Medicare,2021-10-07,2026-06-30
PT00121,Medicare,2021-06-09,2026-12-22
PT00121,Medicare,2027-03-31,2026-06-30
PT00122,Commercial,2021-07-31,2026-06-30
PT00123,Commercial,2021-08-27,2026-06-30
PT00124,Medicare,2021-04-08,2026-06-30
PT00125,Medicare,2021-04-14,2026-06-30
PT00126,Medicare,2021-01-18,2026-06-30
PT00127,Medicare,2021-05-20,2026-06-30
PT00128,Commercial,2021-10-27,2026-06-30
PT00129,Medicare,2021-07-13,2024-04-09
PT00130,Medicare,2021-04-11,2026-06-30
PT00131,Medicare,2021-07-19,2026-06-30
PT00132,Commercial,2021-03-12,2026-06-30
PT00133,Commercial,2021-03-07,2026-06-30
PT00134,Medicare,2021-07-18,2025-08-31
PT00135,Medicare,2021-09-13,2026-06-30
PT00136,Commercial,2021-07-10,2026-06-30
PT00137,Medicare,2021-09-16,2026-06-30
PT00138,Commercial,2021-07-10,2026-06-30
PT00139,Commercial,2021-12-01,2026-06-30
PT00140,Medicare,2021-09-16,2026-06-30
PT00141,Commercial,2021-12-14,2026-06-30
PT00142,Medicare,2021-10-06,2026-06-30
PT00143,Commercial,2021-11-12,2026-06-30
PT00144,Medicare,2021-02-24,2025-06-03
PT00145,Medicare,2021-06-20,2026-06-30
PT00146,Medicare,2021-10-02,2026-06-30
PT00147,Medicare,2021-11-18,2026-06-30
PT00148,Commercial,2021-02-15,2026-06-30
PT00149,Medicare,2021-11-01,2026-06-30
PT00150,Medicare,2021-03-29,2026-06-30
PT00151,Commercial,2021-07-11,2026-06-30
PT00152,Commercial,2021-04-08,2026-06-30
PT00153,Medicare,2021-06-22,2025-06-08
PT00153,Medicare,2025-09-24,2026-06-30
PT00154,Medicare,2021-04-17,2026-06-30
PT00155,Commercial,2021-02-08,2026-06-30
PT00156,Medicare,2021-05-24,2026-06-30
PT00157,Commercial,2021-10-18,2026-06-30
PT00158,Medicare,2021-05-04,2026-06-30
PT00159,Medicaid,2021-04-18,2026-06-30
PT00160,Medicaid,2021-06-15,2026-06-30
PT00161,Medicare,2021-03-29,2026-06-30
PT00162,Medicaid,2021-04-13,2026-06-30
PT00163,Medicare,2021-01-10,2023-02-08
PT00164,Medicare,2021-07-04,2023-04-30
PT00165,Medicare,2021-11-05,2026-06-30
PT00166,Medicare,2021-04-06,2026-06-30
PT00167,Medicare,2021-06-12,2026-06-30
PT00168,Medicare,2021-07-09,2026-06-30
PT00169,Medicare,2021-01-05,2026-06-30
PT00170,Commercial,2021-11-18,2026-06-30
PT00171,Commercial,2021-01-07,2026-06-30
PT00172,Medicare,2021-05-16,2026-06-30
PT00173,Medicare,2021-05-04,2026-06-30
PT00174,Medicare,2021-10-11,2026-06-30
PT00175,Medicare,2021-10-01,2026-06-30
PT00176,Medicaid,2021-07-15,2026-06-30
PT00177,Medicaid,2021-11-02,2026-06-30
PT00178,Medicare,2021-01-25,2026-06-30
PT00179,Commercial,2021-12-24,2025-01-21
PT00180,Medicare,2021-12-17,2026-06-30
PT00181,Commercial,2021-02-22,2026-06-30
PT00182,Medicare,2021-11-13,2026-06-30
PT00183,Medicare,2021-10-27,2026-06-30
PT00184,Medicare,2021-01-22,2026-06-30
PT00185,Commercial,2021-07-19,2026-06-30
PT00186,Medicare,2021-08-22,2026-06-30
PT00187,Medicare,2021-02-22,2026-06-30
PT00188,Commercial,2021-10-02,2026-06-30
PT00189,Medicare,2021-08-15,2026-06-30
PT00190,Medicare,2021-11-19,2026-06-30
PT00191,Medicare,2021-03-14,2026-06-30
PT00192,Medicare,2021-10-06,2026-06-30
PT00193,Medicare,2021-12-10,2026-06-30
PT00194,Commercial,2021-07-19,2026-06-30
PT00195,Medicare,2021-03-06,2026-06-30
PT00196,Medicare,2021-07-15,2026-06-30
PT00197,Commercial,2021-06-13,2026-06-30
PT00198,Medicare,2021-02-17,2026-06-30
PT00199,Commercial,2021-07-27,2026-06-30
PT00200,Medicare,2021-08-02,2024-08-02
PT00200,Medicare,2024-11-19,2026-06-30
PT00201,Medicaid,2021-06-24,2026-06-30
PT00202,Commercial,2021-04-25,2026-06-30
PT00203,Medicaid,2021-09-28,2026-06-30
PT00204,Medicare,2021-04-26,2026-06-30
PT00205,Commercial,2021-03-11,2026-06-30
PT00206,Medicare,2021-10-27,2026-06-30
PT00207,Commercial,2021-02-03,2026-06-30
PT00208,Commercial,2021-07-03,2026-06-30
PT00209,Medicare,2021-07-29,2026-06-30
PT00210,Medicare,2021-01-11,2024-02-27
PT00211,Medicaid,2021-01-01,2026-06-30
PT00212,Medicare,2021-11-28,2026-06-30
PT00213,Medicaid,2021-04-03,2026-06-30
PT00214,Medicare,2021-06-22,2026-06-30
PT00215,Medicare,2021-08-18,2026-06-30
PT00216,Medicaid,2021-01-03,2026-06-30
PT00217,Commercial,2021-12-24,2026-06-30
PT00218,Medicare,2021-08-18,2026-06-30
PT00219,Commercial,2021-09-08,2026-06-30
PT00220,Medicare,2021-03-02,2026-06-30
PT00221,Medicare,2021-05-30,2026-06-30
PT00222,Medicare,2021-01-03,2026-06-30
PT00223,Medicaid,2021-11-30,2024-03-23
PT00224,Commercial,2021-01-31,2026-06-30
PT00225,Commercial,2021-11-23,2026-06-30
PT00226,Commercial,2021-08-20,2026-06-30
PT00227,Medicare,2021-12-09,2026-06-30
PT00228,Medicare,2021-04-27,2026-06-30
PT00229,Medicare,2021-05-21,2026-06-30
PT00230,Medicare,2021-11-26,2026-06-30
PT00231,Medicare,2021-03-12,2026-06-30
PT00232,Medicare,2021-12-19,2026-06-30
PT00233,Commercial,2021-04-03,2026-06-30
PT00234,Medicare,2021-07-22,2026-06-30
PT00235,Commercial,2021-04-24,2026-06-30
PT00236,Medicare,2021-06-07,2026-06-30
PT00237,Commercial,2021-10-31,2026-06-30
PT00238,Commercial,2021-03-07,2026-06-30
PT00239,Medicare,2021-04-04,2026-06-30
PT00240,Commercial,2021-08-12,2026-06-30
PT00241,Commercial,2021-08-13,2026-06-30
PT00242,Medicare,2021-10-21,2026-06-30
PT00243,Commercial,2021-09-17,2026-06-30
PT00244,Commercial,2021-01-25,2026-06-30
PT00245,Commercial,2021-10-17,2026-06-30
PT00246,Medicare,2021-11-07,2026-06-30
PT00247,Commercial,2021-05-21,2026-06-30
PT00248,Medicare,2021-09-10,2026-09-12
PT00248,Medicare,2026-11-01,2026-06-30
PT00249,Commercial,2021-03-27,2026-06-30
PT00250,Commercial,2021-06-06,2026-06-30
PT00251,Medicare,2021-11-29,2026-06-30
PT00252,Commercial,2021-01-23,2026-06-30
PT00253,Medicare,2021-07-27,2026-06-30
PT00254,Commercial,2021-03-22,2026-06-30
PT00255,Medicare,2021-06-28,2026-01-26
PT00256,Medicare,2021-01-17,2026-06-30
PT00257,Medicare,2021-11-04,2026-06-30
PT00258,Commercial,2021-11-15,2026-06-30
PT00259,Medicare,2021-12-22,2026-06-30
PT00260,Commercial,2021-02-28,2026-06-30
PT00261,Medicare,2021-04-23,2026-06-30
PT00262,Medicare,2021-07-17,2026-06-30
PT00263,Commercial,2021-01-11,2026-06-30
PT00264,Commercial,2021-07-31,2025-10-04
PT00265,Medicare,2021-07-29,2026-06-30
PT00266,Medicare,2021-03-29,2026-06-30
PT00267,Medicare,2021-07-05,2026-06-30
PT00268,Commercial,2021-08-02,2023-11-07
PT00269,Commercial,2021-03-14,2026-06-30
PT00270,Medicare,2021-02-10,2026-06-30
PT00271,Medicare,2021-05-17,2026-06-30
PT00272,Medicare,2021-05-27,2026-06-30
PT00273,Medicare,2021-11-12,2026-06-30
PT00274,Commercial,2021-10-31,2026-06-30
PT00275,Medicare,2021-10-21,2026-06-30
PT00276,Commercial,2021-12-02,2026-06-30
PT00277,Commercial,2021-07-12,2026-06-30
PT00278,Medicare,2021-11-06,2026-06-30
PT00279,Commercial,2021-04-30,2026-06-30
PT00280,Commercial,2021-08-28,2026-06-30
PT00281,Commercial,2021-04-30,2026-06-30
PT00282,Medicare,2021-11-10,2026-06-30
PT00283,Commercial,2021-08-27,2026-06-30
PT00284,Medicare,2021-12-03,2026-06-30
PT00285,Commercial,2021-10-28,2026-06-30
PT00286,Medicare,2021-11-01,2026-06-30
PT00287,Medicare,2021-08-31,2026-06-30
PT00288,Commercial,2021-05-16,2026-06-30
PT00289,Commercial,2021-10-07,2026-06-30
PT00290,Medicare,2021-10-08,2026-06-30
PT00291,Medicaid,2021-01-20,2024-02-07
PT00291,Medicaid,2024-04-03,2026-06-30
PT00292,Medicare,2021-06-14,2026-06-30
PT00293,Medicare,2021-08-17,2026-06-30
PT00294,Medicare,2021-09-20,2026-06-30
PT00295,Medicaid,2021-01-20,2026-06-30
PT00296,Commercial,2021-03-10,2023-01-31
PT00297,Commercial,2021-08-17,2026-06-30
PT00298,Medicaid,2021-11-25,2026-06-30
PT00299,Commercial,2021-01-27,2026-06-30
PT00300,Medicare,2021-01-28,2026-06-30
PT00301,Medicare,2021-07-19,2026-06-30
PT00302,Commercial,2021-08-19,2026-06-30
PT00303,Commercial,2021-12-01,2026-06-30
PT00304,Medicare,2021-09-24,2026-06-30
PT00305,Commercial,2021-02-18,2026-06-30
PT00306,Commercial,2021-02-05,2026-06-30
PT00307,Medicaid,2021-01-30,2026-06-30
PT00308,Commercial,2021-11-03,2026-06-30
PT00309,Medicare,2021-12-22,2026-06-30
PT00310,Medicare,2021-06-22,2026-06-30
PT00311,Medicaid,2021-05-15,2026-06-30
PT00312,Medicare,2021-04-11,2026-06-30
PT00313,Commercial,2021-04-28,2026-06-30
PT00314,Commercial,2021-05-20,2026-06-30
PT00315,Medicare,2021-04-20,2026-06-30
PT00316,Commercial,2021-01-20,2026-06-30
PT00317,Medicare,2021-05-01,2024-05-30
PT00318,Medicare,2021-06-13,2026-06-30
PT00319,Medicare,2021-02-15,2026-06-30
PT00320,Commercial,2021-10-09,2026-06-30
PT00321,Medicare,2021-01-31,2025-09-26
PT00322,Commercial,2021-11-25,2026-06-30
PT00323,Medicaid,2021-06-19,2026-06-30
PT00324,Commercial,2021-05-25,2026-06-30
PT00325,Medicare,2021-11-22,2026-06-30
PT00326,Commercial,2021-11-17,2025-12-17
PT00326,Commercial,2026-03-29,2026-06-30
PT00327,Medicare,2021-11-23,2026-06-30
PT00328,Commercial,2021-07-18,2026-06-30
PT00329,Medicaid,2021-01-28,2026-06-30
PT00330,Commercial,2021-03-08,2026-06-30
PT00331,Commercial,2021-10-12,2026-06-30
PT00332,Commercial,2021-06-10,2026-06-30
PT00333,Commercial,2021-12-25,2026-06-30
PT00334,Medicare,2021-08-05,2026-06-30
PT00335,Medicare,2021-08-27,2026-06-30
PT00336,Commercial,2021-11-03,2026-06-30
PT00337,Commercial,2021-07-31,2024-03-06
PT00337,Commercial,2024-05-05,2026-06-30
PT00338,Medicaid,2021-03-08,2026-06-30
PT00339,Medicare,2021-11-25,2026-06-30
PT00340,Commercial,2021-04-02,2026-06-30
PT00341,Commercial,2021-08-18,2026-06-30
PT00342,Medicare,2021-09-28,2026-06-30
PT00343,Medicaid,2021-08-26,2026-06-30
PT00344,Commercial,2021-09-23,2026-06-30
PT00345,Medicaid,2021-11-22,2026-06-30
PT00346,Medicare,2021-03-08,2026-06-30
PT00347,Medicare,2021-05-30,2026-06-30
PT00348,Commercial,2021-06-04,2026-06-30
PT00349,Medicaid,2021-11-03,2026-06-30
PT00350,Commercial,2021-06-20,2026-06-30
PT00351,Commercial,2021-09-26,2026-06-30
PT00352,Medicaid,2021-08-26,2026-06-30
PT00353,Commercial,2021-08-21,2026-06-30
PT00354,Medicare,2021-12-23,2026-06-30
PT00355,Medicare,2021-03-06,2026-06-30
PT00356,Commercial,2021-12-07,2026-06-30
PT00357,Commercial,2021-06-15,2026-06-30
PT00358,Medicaid,2021-11-16,2026-06-30
PT00359,Medicare,2021-12-14,2026-06-30
PT00360,Medicare,2021-12-01,2026-06-30
PT00361,Medicare,2021-07-31,2026-06-30
PT00362,Medicare,2021-03-09,2025-01-13
PT00363,Medicare,2021-09-30,2026-06-30
PT00364,Commercial,2021-02-15,2026-06-30
PT00365,Medicare,2021-06-02,2026-06-30
PT00366,Commercial,2021-06-10,2026-06-30
PT00367,Medicaid,2021-09-07,2026-06-30
PT00368,Medicare,2021-04-28,2026-06-30
PT00369,Medicare,2021-04-26,2026-06-30
PT00370,Medicare,2021-05-23,2026-09-30
PT00371,Commercial,2021-06-10,2026-06-30
PT00372,Medicaid,2021-12-02,2026-06-30
PT00373,Medicare,2021-09-29,2022-10-09
PT00373,Medicare,2023-02-01,2026-06-30
PT00374,Medicare,2021-09-01,2026-06-30
PT00375,Medicaid,2021-06-22,2023-11-01
PT00376,Medicaid,2021-03-22,2026-06-30
PT00377,Commercial,2021-09-20,2026-06-30
PT00378,Medicare,2021-05-03,2026-06-30
PT00379,Medicare,2021-05-06,2026-06-30
PT00380,Medicare,2021-07-07,2026-06-30
PT00381,Commercial,2021-06-22,2026-06-30
PT00382,Medicare,2021-09-27,2026-06-30
PT00383,Medicare,2021-06-22,2026-06-30
PT00384,Commercial,2021-12-06,2026-06-30
PT00385,Medicare,2021-02-25,2026-06-30
PT00386,Commercial,2021-03-06,2026-06-30
PT00387,Medicare,2021-11-19,2026-06-30
PT00388,Medicare,2021-12-23,2026-06-30
PT00389,Commercial,2021-02-15,2023-08-31
PT00390,Commercial,2021-01-18,2026-06-30
PT00391,Medicare,2021-04-26,2026-06-30
PT00392,Commercial,2021-10-17,2026-06-30
PT00393,Commercial,2021-12-06,2026-06-30
PT00394,Commercial,2021-04-20,2026-06-30
PT00395,Medicare,2021-03-14,2026-06-30
PT00396,Medicare,2021-07-29,2026-06-30
PT00397,Medicare,2021-09-21,2026-06-30
PT00398,Commercial,2021-11-03,2026-06-30
PT00399,Medicare,2021-06-01,2026-06-30
PT00400,Commercial,2021-04-05,2026-06-30
PT00401,Medicare,2021-04-18,2026-06-30
PT00402,Commercial,2021-04-18,2026-06-30
PT00403,Commercial,2021-11-25,2026-06-30
PT00404,Medicare,2021-04-09,2026-06-30
PT00405,Medicare,2021-11-01,2026-06-30
PT00406,Medicare,2021-03-07,2023-02-14
PT00406,Medicare,2023-05-23,2026-06-30
PT00407,Commercial,2021-08-02,2026-06-30
PT00408,Medicaid,2021-09-11,2025-07-05
PT00408,Medicaid,2025-10-18,2026-06-30
PT00409,Commercial,2021-07-26,2026-06-30
PT00410,Medicare,2021-09-10,2026-06-30
PT00411,Medicare,2021-01-12,2025-11-28
PT00411,Medicare,2026-02-19,2026-06-30
PT00412,Medicare,2021-09-15,2026-06-30
PT00413,Medicaid,2021-11-17,2026-06-30
PT00414,Commercial,2021-02-12,2026-06-30
PT00415,Commercial,2021-11-05,2024-07-26
PT00416,Medicare,2021-05-02,2026-06-30
PT00417,Commercial,2021-05-22,2026-06-30
PT00418,Commercial,2021-01-16,2026-06-30
PT00419,Commercial,2021-03-26,2026-06-30
PT00420,Commercial,2021-07-26,2026-06-30
PT00421,Medicare,2021-06-13,2026-06-30
PT00422,Medicare,2021-12-09,2026-06-30
PT00423,Medicare,2021-03-18,2026-06-30
PT00424,Commercial,2021-07-15,2026-06-30
PT00425,Medicare,2021-09-18,2026-06-30
PT00426,Medicaid,2021-12-23,2026-06-30
PT00427,Medicare,2021-12-22,2026-06-30
PT00428,Medicare,2021-06-24,2026-06-30
PT00429,Commercial,2021-12-01,2025-01-01
PT00429,Commercial,2025-04-06,2026-06-30
PT00430,Medicaid,2021-04-11,2024-02-11
PT00431,Commercial,2021-03-29,2026-06-30
PT00432,Commercial,2021-08-14,2026-06-30
PT00433,Medicare,2021-09-01,2026-06-30
PT00434,Medicare,2021-09-25,2023-11-07
PT00435,Medicare,2021-05-28,2026-06-30
PT00436,Medicaid,2021-09-16,2026-06-30
PT00437,Medicare,2021-07-27,2026-06-30
PT00438,Commercial,2021-01-18,2026-06-30
PT00439,Medicare,2021-01-03,2026-06-30
PT00440,Medicare,2021-03-29,2026-06-30
PT00441,Medicare,2021-07-16,2026-06-30
PT00442,Medicare,2021-11-28,2026-05-01
PT00443,Medicare,2021-05-31,2026-06-30
PT00444,Commercial,2021-07-30,2026-06-30
PT00445,Commercial,2021-01-21,2026-06-30
PT00446,Commercial,2021-08-25,2023-07-04
PT00447,Medicare,2021-08-17,2026-06-30
PT00448,Medicaid,2021-03-08,2026-06-30
PT00449,Medicaid,2021-01-26,2022-07-20
PT00449,Medicaid,2022-10-09,2026-06-30
PT00450,Commercial,2021-01-23,2026-06-30
PT00451,Commercial,2021-08-31,2026-06-30
PT00452,Commercial,2021-12-02,2026-06-30
PT00453,Medicare,2021-02-28,2026-06-30
PT00454,Medicare,2021-01-09,2026-06-30
PT00455,Medicare,2021-03-04,2026-06-30
PT00456,Medicare,2021-04-01,2026-06-30
PT00457,Medicare,2021-12-15,2026-06-30
PT00458,Commercial,2021-07-01,2026-06-30
PT00459,Medicare,2021-07-17,2024-12-13
PT00460,Medicare,2021-08-31,2024-12-01
PT00461,Commercial,2021-01-25,2025-07-30
PT00461,Commercial,2025-11-21,2026-06-30
PT00462,Medicaid,2021-03-31,2026-06-30
PT00463,Commercial,2021-10-13,2026-06-30
PT00464,Commercial,2021-04-13,2026-06-30
PT00465,Medicare,2021-04-10,2026-06-30
PT00466,Medicare,2021-11-30,2026-06-30
PT00467,Commercial,2021-04-18,2026-06-30
PT00468,Commercial,2021-01-01,2026-06-30
PT00469,Commercial,2021-10-23,2026-06-30
PT00470,Commercial,2021-07-30,2026-06-30
PT00471,Commercial,2021-04-24,2026-06-30
PT00472,Commercial,2021-06-29,2026-06-30
PT00473,Commercial,2021-08-07,2026-06-30
PT00474,Medicaid,2021-06-10,2026-06-30
PT00475,Commercial,2021-09-17,2026-06-30
PT00476,Commercial,2021-11-24,2026-06-30
PT00477,Medicaid,2021-06-01,2026-06-30
PT00478,Medicare,2021-09-11,2026-06-30
PT00479,Medicaid,2021-12-16,2026-06-30
PT00480,Medicare,2021-06-24,2026-06-30
PT00481,Medicare,2021-01-15,2026-06-30
PT00482,Medicare,2021-11-02,2026-06-30
PT00483,Commercial,2021-07-26,2026-06-30
PT00484,Commercial,2021-02-22,2026-06-30
PT00485,Commercial,2021-04-30,2026-06-30
PT00486,Commercial,2021-08-23,2026-06-30
PT00487,Medicare,2021-04-30,2026-06-30
PT00488,Commercial,2021-03-01,2026-06-30
PT00489,Medicare,2021-07-28,2026-06-30
PT00490,Commercial,2021-12-26,2026-06-30
PT00491,Medicare,2021-05-05,2026-06-30
PT00492,Commercial,2021-04-06,2026-06-30
PT00493,Medicare,2021-09-16,2026-06-30
PT00494,Commercial,2021-11-07,2026-06-30
PT00495,Medicare,2021-12-21,2026-06-30
PT00496,Commercial,2021-10-16,2026-06-30
PT00497,Commercial,2021-05-13,2026-06-30
PT00498,Medicare,2021-08-26,2026-06-30
PT00499,Medicare,2021-07-30,2026-06-30
PT00500,Commercial,2021-01-02,2022-09-11
PT00501,Medicaid,2021-10-04,2026-06-30
PT00502,Medicare,2021-04-20,2026-06-30
PT00503,Medicare,2021-02-09,2026-06-30
PT00504,Commercial,2021-01-27,2026-06-30
PT00505,Commercial,2021-02-17,2026-06-30
PT00506,Medicaid,2021-01-29,2026-06-30
PT00507,Medicare,2021-10-10,2026-06-30
PT00508,Medicare,2021-04-16,2026-06-30
PT00509,Medicare,2021-04-26,2026-06-30
PT00510,Medicare,2021-02-05,2026-06-30
PT00511,Medicare,2021-02-27,2023-05-25
PT00512,Commercial,2021-04-13,2026-06-30
PT00513,Commercial,2021-12-23,2026-06-30
PT00514,Medicare,2021-02-24,2026-06-30
PT00515,Medicare,2021-04-08,2023-02-05
PT00515,Medicare,2023-05-12,2026-06-30
PT00516,Medicare,2021-12-07,2026-06-30
PT00517,Medicare,2021-04-12,2022-09-12
PT00518,Commercial,2021-08-07,2026-06-30
PT00519,Medicare,2021-12-07,2026-06-30
PT00520,Medicaid,2021-02-19,2026-06-30
PT00521,Commercial,2021-07-19,2026-06-30
PT00522,Medicare,2021-02-02,2026-06-30
PT00523,Medicaid,2021-11-20,2026-06-30
PT00524,Medicare,2021-02-14,2026-06-30
PT00525,Medicare,2021-05-02,2026-06-30
PT00526,Commercial,2021-11-20,2026-06-30
PT00527,Commercial,2021-07-30,2026-06-30
PT00528,Medicare,2021-08-12,2026-06-30
PT00529,Commercial,2021-02-09,2026-06-30
PT00530,Commercial,2021-05-11,2026-06-30
PT00531,Medicare,2021-10-06,2026-06-30
PT00532,Medicaid,2021-04-15,2026-06-30
PT00533,Commercial,2021-09-14,2026-06-30
PT00534,Commercial,2021-04-13,2024-01-05
PT00534,Commercial,2024-03-28,2026-06-30
PT00535,Commercial,2021-08-12,2024-11-27
PT00536,Commercial,2021-01-13,2024-04-24
PT00536,Commercial,2024-08-11,2026-06-30
PT00537,Medicare,2021-08-09,2026-06-30
PT00538,Commercial,2021-02-20,2026-06-30
PT00539,Medicaid,2021-05-17,2026-06-30
PT00540,Commercial,2021-04-26,2026-06-30
PT00541,Medicare,2021-09-17,2026-06-30
PT00542,Medicaid,2021-11-07,2026-06-30
PT00543,Medicaid,2021-10-28,2026-06-30
PT00544,Commercial,2021-02-25,2026-05-11
PT00545,Medicare,2021-01-23,2026-06-30
PT00546,Medicaid,2021-05-16,2026-06-30
PT00547,Medicare,2021-03-18,2026-06-30
PT00548,Medicaid,2021-06-12,2026-06-30
PT00549,Commercial,2021-04-02,2026-06-30
PT00550,Medicare,2021-06-30,2026-06-30
PT00551,Commercial,2021-06-02,2026-06-30
PT00552,Medicare,2021-07-28,2026-06-30
PT00553,Medicare,2021-01-30,2026-06-30
PT00554,Medicare,2021-06-06,2026-06-30
PT00555,Medicare,2021-11-11,2026-06-30
PT00556,Medicare,2021-10-26,2026-06-30
PT00557,Medicare,2021-02-26,2022-07-27
PT00558,Medicaid,2021-05-18,2023-04-22
PT00559,Commercial,2021-10-06,2026-06-30
PT00560,Medicare,2021-05-13,2026-06-30
PT00561,Commercial,2021-01-04,2023-01-17
PT00561,Commercial,2023-04-19,2026-06-30
PT00562,Medicare,2021-06-03,2026-06-30
PT00563,Medicare,2021-01-25,2026-06-30
PT00564,Medicare,2021-12-03,2025-02-22
PT00565,Commercial,2021-11-30,2026-06-30
PT00566,Medicare,2021-07-06,2026-06-30
PT00567,Medicaid,2021-10-04,2023-04-16
PT00568,Commercial,2021-10-03,2026-06-30
PT00569,Medicare,2021-05-03,2026-06-30
PT00570,Medicare,2021-02-15,2026-06-30
PT00571,Medicare,2021-07-03,2026-06-30
PT00572,Commercial,2021-01-17,2026-06-30
PT00573,Medicare,2021-01-22,2026-06-30
PT00574,Commercial,2021-01-12,2026-06-30
PT00575,Medicare,2021-08-17,2026-06-30
PT00576,Medicare,2021-08-29,2026-06-30
PT00577,Medicaid,2021-04-14,2026-06-30
PT00578,Medicare,2021-09-22,2026-06-30
PT00579,Commercial,2021-03-20,2026-06-30
PT00580,Medicare,2021-10-01,2026-06-30
PT00581,Medicare,2021-07-03,2026-06-30
PT00582,Commercial,2021-04-09,2026-06-30
PT00583,Medicare,2021-02-11,2026-06-30
PT00584,Commercial,2021-04-09,2026-06-30
PT00585,Commercial,2021-04-08,2026-06-30
PT00586,Medicaid,2021-03-31,2026-06-30
PT00587,Medicare,2021-02-27,2026-06-30
PT00588,Medicare,2021-06-01,2026-06-30
PT00589,Commercial,2021-12-18,2026-06-30
PT00590,Medicare,2021-03-25,2026-06-30
PT00591,Commercial,2021-03-26,2023-05-31
PT00592,Commercial,2021-12-08,2026-06-30
PT00593,Medicaid,2021-08-28,2026-06-30
PT00594,Commercial,2021-10-21,2026-06-30
PT00595,Medicare,2021-08-21,2026-06-30
PT00596,Medicare,2021-03-10,2026-06-30
PT00597,Medicare,2021-08-03,2023-06-22
PT00597,Medicare,2023-09-24,2026-06-30
PT00598,Medicare,2021-01-31,2026-06-30
PT00599,Commercial,2021-05-03,2026-06-30
PT00600,Medicare,2021-08-20,2026-06-30
PT00601,Medicare,2021-03-29,2026-06-30
PT00602,Medicare,2021-05-15,2026-06-30
PT00603,Commercial,2021-04-10,2024-04-12
PT00604,Medicare,2021-03-28,2025-01-23
PT00605,Commercial,2021-11-19,2026-06-30
PT00606,Commercial,2021-10-16,2026-06-30
PT00607,Medicare,2021-10-01,2026-06-30
PT00608,Commercial,2021-01-17,2026-06-30
PT00609,Medicare,2021-04-25,2026-06-30
PT00610,Commercial,2021-10-17,2026-06-30
PT00611,Commercial,2021-05-23,2025-05-15
PT00612,Medicare,2021-09-03,2026-06-30
PT00613,Medicare,2021-05-31,2026-06-30
PT00614,Commercial,2021-01-31,2026-06-30
PT00615,Medicare,2021-09-03,2026-06-30
PT00616,Medicare,2021-10-03,2026-06-30
PT00617,Commercial,2021-07-08,2026-06-30
PT00618,Medicare,2021-12-13,2025-01-10
PT00619,Medicare,2021-06-11,2026-06-30
PT00620,Commercial,2021-01-23,2026-06-30
PT00621,Medicare,2021-06-15,2026-06-30
PT00622,Medicare,2021-10-13,2026-06-30
PT00623,Medicaid,2021-08-08,2023-03-31
PT00623,Medicaid,2023-05-20,2026-06-30
PT00624,Commercial,2021-04-21,2026-06-30
PT00625,Commercial,2021-02-17,2026-06-30
PT00626,Medicare,2021-05-27,2026-06-30
PT00627,Medicare,2021-10-09,2026-06-30
PT00628,Medicare,2021-03-12,2026-06-30
PT00629,Medicaid,2021-06-12,2026-06-30
PT00630,Commercial,2021-03-28,2026-06-30
PT00631,Medicare,2021-01-15,2026-06-30
PT00632,Commercial,2021-08-07,2026-06-30
PT00633,Medicaid,2021-04-11,2026-06-30
PT00634,Medicaid,2021-03-07,2022-04-25
PT00635,Medicare,2021-05-20,2026-06-30
PT00636,Commercial,2021-03-16,2024-12-27
PT00637,Medicare,2021-09-01,2023-12-26
PT00637,Medicare,2024-02-29,2026-06-30
PT00638,Medicare,2021-06-13,2026-06-30
PT00639,Commercial,2021-03-25,2026-06-30
