pharmacy_id,week_ending,total_trx,glucoren_trx,cardivex_trx,glucoren_nrx
PH0002,2026-06-05,144,6,8,2
PH0002,2026-06-12,153,6,7,1
PH0002,2026-06-19,157,5,11,1
PH0002,2026-06-26,145,3,9,0
PH0002,2026-07-03,139,5,8,0
PH0002,2026-07-10,139,7,4,1
PH0002,2026-07-17,166,11,7,4
PH0002,2026-07-24,141,5,7,2
PH0002,2026-07-31,151,6,6,1
PH0002,2026-08-07,144,8,9,2
PH0002,2026-08-14,151,3,7,2
PH0002,2026-08-21,162,5,7,1
PH0003,2026-06-05,1801,66,78,15
PH0003,2026-06-12,1607,55,91,13
PH0003,2026-06-19,1739,63,73,22
PH0003,2026-06-26,1654,57,95,17
PH0003,2026-07-03,1653,63,91,19
PH0003,2026-07-10,1784,81,92,32
PH0003,2026-07-17,1689,77,71,24
PH0003,2026-07-24,1694,48,88,14
PH0003,2026-07-31,1594,51,71,13
PH0003,2026-08-07,1754,59,71,12
PH0003,2026-08-14,1717,74,89,18
PH0003,2026-08-21,1930,61,76,16
PH0004,2026-06-05,2149,69,81,13
PH0004,2026-06-12,2111,64,90,16
PH0004,2026-06-19,2243,75,87,18
PH0004,2026-06-26,2224,76,90,18
PH0004,2026-07-03,2063,58,97,14
PH0004,2026-07-10,1893,80,106,23
PH0004,2026-07-17,1965,84,87,22
PH0004,2026-07-24,1977,74,98,18
PH0004,2026-07-31,1799,74,94,24
PH0004,2026-08-07,2125,63,103,21
PH0004,2026-08-14,1814,74,85,27
PH0004,2026-08-21,2146,71,85,23
PH0006,2026-06-05,528,25,24,8
PH0006,2026-06-12,475,17,26,2
PH0006,2026-06-19,455,17,22,4
PH0006,2026-06-26,441,10,23,2
PH0006,2026-07-03,521,13,12,5
PH0006,2026-07-10,540,20,25,4
PH0006,2026-07-17,481,17,22,4
PH0006,2026-07-24,559,15,24,4
PH0006,2026-07-31,488,15,17,6
PH0006,2026-08-07,477,17,22,3
PH0006,2026-08-14,480,20,23,5
PH0006,2026-08-21,454,24,19,9
PH0009,2026-06-05,301,9,12,1
PH0009,2026-06-12,264,7,12,2
PH0009,2026-06-19,285,7,19,1
PH0009,2026-06-26,279,9,25,3
PH0009,2026-07-03,301,11,13,4
PH0009,2026-07-10,284,6,15,4
PH0009,2026-07-17,296,10,27,3
PH0009,2026-07-24,275,15,7,3
PH0009,2026-07-31,291,11,20,2
PH0009,2026-08-07,312,15,17,6
PH0009,2026-08-14,298,9,10,5
PH0009,2026-08-21,263,11,16,1
PH0012,2026-06-05,196,6,12,4
PH0012,2026-06-12,198,9,10,2
PH0012,2026-06-19,211,7,9,2
PH0012,2026-06-26,194,13,8,3
PH0012,2026-07-03,192,6,7,3
PH0012,2026-07-10,217,11,5,2
PH0012,2026-07-17,204,5,11,4
PH0012,2026-07-24,204,8,9,2
PH0012,2026-07-31,202,5,14,2
PH0012,2026-08-07,229,12,7,4
PH0012,2026-08-14,197,6,8,0
PH0012,2026-08-21,187,8,10,2
PH0014,2026-06-05,267,15,10,6
PH0014,2026-06-12,269,8,10,2
PH0014,2026-06-19,297,11,16,3
PH0014,2026-06-26,280,6,19,1
PH0014,2026-07-03,262,12,16,3
PH0014,2026-07-10,273,11,16,3
PH0014,2026-07-17,269,13,13,6
PH0014,2026-07-24,268,13,9,2
PH0014,2026-07-31,265,8,18,4
PH0014,2026-08-07,263,8,14,1
PH0014,2026-08-14,274,5,8,0
PH0014,2026-08-21,273,10,13,4
PH0016,2026-06-05,940,37,33,6
PH0016,2026-06-12,875,31,37,10
PH0016,2026-06-19,857,26,35,10
PH0016,2026-06-26,847,38,34,11
PH0016,2026-07-03,843,30,44,8
PH0016,2026-07-10,1008,27,34,7
PH0016,2026-07-17,925,30,30,9
PH0016,2026-07-24,876,44,46,10
PH0016,2026-07-31,899,38,37,8
PH0016,2026-08-07,950,36,52,8
PH0016,2026-08-14,925,34,45,8
PH0016,2026-08-21,980,30,40,12
PH0017,2026-06-05,335,8,19,2
PH0017,2026-06-12,342,12,14,4
PH0017,2026-06-19,323,12,8,2
PH0017,2026-06-26,294,10,21,1
PH0017,2026-07-03,327,10,17,3
PH0017,2026-07-10,298,15,18,4
PH0017,2026-07-17,312,12,14,5
PH0017,2026-07-24,286,19,10,4
PH0017,2026-07-31,341,14,17,7
PH0017,2026-08-07,346,19,16,4
PH0017,2026-08-14,353,18,13,1
PH0017,2026-08-21,316,15,16,4
PH0019,2026-06-05,660,26,30,6
PH0019,2026-06-12,675,22,38,7
PH0019,2026-06-19,699,33,22,11
PH0019,2026-06-26,631,24,35,7
PH0019,2026-07-03,674,26,39,6
PH0019,2026-07-10,633,24,33,4
PH0019,2026-07-17,660,23,31,3
PH0019,2026-07-24,697,26,33,7
PH0019,2026-07-31,629,24,29,7
PH0019,2026-08-07,622,21,35,6
PH0019,2026-08-14,697,35,26,8
PH0019,2026-08-21,690,27,21,6
PH0020,2026-06-05,397,16,20,3
PH0020,2026-06-12,388,15,20,6
PH0020,2026-06-19,363,17,20,2
PH0020,2026-06-26,369,15,17,4
PH0020,2026-07-03,369,19,20,8
PH0020,2026-07-10,370,17,17,5
PH0020,2026-07-17,380,14,8,5
PH0020,2026-07-24,387,15,13,1
PH0020,2026-07-31,337,11,17,4
PH0020,2026-08-07,342,18,16,5
PH0020,2026-08-14,338,12,13,4
PH0020,2026-08-21,400,11,15,2
PH0021,2026-06-05,566,18,24,4
PH0021,2026-06-12,552,15,19,3
PH0021,2026-06-19,558,24,27,5
PH0021,2026-06-26,558,21,21,6
PH0021,2026-07-03,466,18,21,2
PH0021,2026-07-10,548,25,33,7
PH0021,2026-07-17,485,20,20,4
PH0021,2026-07-24,543,18,39,5
PH0021,2026-07-31,495,21,28,5
PH0021,2026-08-07,527,11,21,3
PH0021,2026-08-14,555,24,19,9
PH0021,2026-08-21,513,26,30,10
PH0024,2026-06-05,693,21,42,9
PH0024,2026-06-12,687,31,24,8
PH0024,2026-06-19,734,23,36,8
PH0024,2026-06-26,692,25,33,6
PH0024,2026-07-03,669,29,30,11
PH0024,2026-07-10,742,26,33,14
PH0024,2026-07-17,735,32,42,4
PH0024,2026-07-24,731,31,23,9
PH0024,2026-07-31,777,23,51,8
PH0024,2026-08-07,729,20,28,6
PH0024,2026-08-14,780,22,39,4
PH0024,2026-08-21,741,33,31,6
PH0025,2026-06-05,487,16,27,2
PH0025,2026-06-12,465,25,27,3
PH0025,2026-06-19,485,27,18,10
PH0025,2026-06-26,503,22,22,8
PH0025,2026-07-03,467,19,25,7
PH0025,2026-07-10,544,23,26,5
PH0025,2026-07-17,526,13,21,2
PH0025,2026-07-24,461,20,25,7
PH0025,2026-07-31,499,18,22,4
PH0025,2026-08-07,485,22,23,6
PH0025,2026-08-14,528,18,28,5
PH0025,2026-08-21,487,24,21,8
PH0027,2026-06-05,296,9,13,1
PH0027,2026-06-12,257,12,14,5
PH0027,2026-06-19,285,11,7,7
PH0027,2026-06-26,254,13,13,2
PH0027,2026-07-03,271,12,11,3
PH0027,2026-07-10,254,14,6,3
PH0027,2026-07-17,247,7,7,3
PH0027,2026-07-24,256,11,12,1
PH0027,2026-07-31,284,6,9,0
PH0027,2026-08-07,252,11,16,5
PH0027,2026-08-14,292,15,7,2
PH0027,2026-08-21,297,11,11,6
PH0028,2026-06-05,399,11,17,2
PH0028,2026-06-12,409,9,20,1
PH0028,2026-06-19,401,9,21,2
PH0028,2026-06-26,414,11,18,3
PH0028,2026-07-03,381,14,22,5
PH0028,2026-07-10,409,14,25,4
PH0028,2026-07-17,373,13,20,5
PH0028,2026-07-24,405,13,25,3
PH0028,2026-07-31,463,14,14,2
PH0028,2026-08-07,414,21,21,3
PH0028,2026-08-14,359,13,16,4
PH0028,2026-08-21,405,20,21,5
PH0029,2026-06-05,371,7,12,2
PH0029,2026-06-12,325,11,21,4
PH0029,2026-06-19,388,18,16,5
PH0029,2026-06-26,382,9,16,1
PH0029,2026-07-03,385,13,27,3
PH0029,2026-07-10,380,9,19,2
PH0029,2026-07-17,388,15,19,4
PH0029,2026-07-24,366,21,18,7
PH0029,2026-07-31,344,11,10,4
PH0029,2026-08-07,382,21,25,7
PH0029,2026-08-14,358,15,12,3
PH0029,2026-08-21,358,16,17,4
PH0030,2026-06-05,1006,41,62,17
PH0030,2026-06-12,1089,35,42,10
PH0030,2026-06-19,1087,38,41,9
PH0030,2026-06-26,1179,37,50,7
PH0030,2026-07-03,953,37,53,13
PH0030,2026-07-10,1050,53,40,10
PH0030,2026-07-17,1125,27,60,6
PH0030,2026-07-24,1129,46,51,8
PH0030,2026-07-31,1175,42,57,12
PH0030,2026-08-07,1039,47,46,14
PH0030,2026-08-14,1042,44,53,11
PH0030,2026-08-21,1037,37,46,12
PH0031,2026-06-05,674,23,36,7
PH0031,2026-06-12,618,23,37,5
PH0031,2026-06-19,672,27,28,9
PH0031,2026-06-26,642,21,18,5
PH0031,2026-07-03,614,24,41,7
PH0031,2026-07-10,651,25,30,7
PH0031,2026-07-17,621,22,34,5
PH0031,2026-07-24,587,28,26,9
PH0031,2026-07-31,642,23,28,8
PH0031,2026-08-07,607,27,30,6
PH0031,2026-08-14,605,20,32,7
PH0031,2026-08-21,626,18,21,7
PH0033,2026-06-05,314,10,12,3
PH0033,2026-06-12,294,14,13,5
PH0033,2026-06-19,351,13,12,6
PH0033,2026-06-26,313,12,12,4
PH0033,2026-07-03,335,15,17,5
PH0033,2026-07-10,333,7,17,3
PH0033,2026-07-17,306,21,12,2
PH0033,2026-07-24,294,14,16,3
PH0033,2026-07-31,318,11,17,1
PH0033,2026-08-07,309,12,15,7
PH0033,2026-08-14,317,16,9,6
PH0033,2026-08-21,311,23,8,7
PH0034,2026-06-05,534,21,17,3
PH0034,2026-06-12,494,11,20,3
PH0034,2026-06-19,434,19,29,3
PH0034,2026-06-26,460,19,24,6
PH0034,2026-07-03,505,17,25,4
PH0034,2026-07-10,496,19,19,5
PH0034,2026-07-17,443,20,17,6
PH0034,2026-07-24,449,21,21,5
PH0034,2026-07-31,491,18,21,6
PH0034,2026-08-07,486,15,21,0
PH0034,2026-08-14,484,21,26,9
PH0034,2026-08-21,470,16,24,6
PH0037,2026-06-05,224,5,17,0
PH0037,2026-06-12,248,14,7,2
PH0037,2026-06-19,254,7,9,2
PH0037,2026-06-26,228,8,14,0
PH0037,2026-07-03,238,9,9,3
PH0037,2026-07-10,246,11,9,2
PH0037,2026-07-17,250,7,10,2
PH0037,2026-07-24,240,9,11,4
PH0037,2026-07-31,235,8,15,2
PH0037,2026-08-07,267,9,9,3
PH0037,2026-08-14,231,6,11,1
PH0037,2026-08-21,241,13,10,4
PH0038,2026-06-05,114,5,5,2
PH0038,2026-06-12,122,9,3,3
PH0038,2026-06-19,122,2,4,0
PH0038,2026-06-26,124,6,7,1
PH0038,2026-07-03,116,2,5,0
PH0038,2026-07-10,114,3,5,1
PH0038,2026-07-17,103,3,6,0
PH0038,2026-07-24,114,3,5,2
PH0038,2026-07-31,105,6,2,2
PH0038,2026-08-07,113,5,5,0
PH0038,2026-08-14,110,8,8,4
PH0038,2026-08-21,114,4,5,1
PH0039,2026-06-05,583,24,20,7
PH0039,2026-06-12,571,21,29,6
PH0039,2026-06-19,669,20,26,7
PH0039,2026-06-26,580,30,29,7
PH0039,2026-07-03,718,18,40,9
PH0039,2026-07-10,584,26,26,8
PH0039,2026-07-17,693,21,36,7
PH0039,2026-07-24,634,25,37,10
PH0039,2026-07-31,615,18,24,8
PH0039,2026-08-07,661,31,25,2
PH0039,2026-08-14,714,30,55,4
PH0039,2026-08-21,665,29,26,7
PH0040,2026-06-05,326,16,14,3
PH0040,2026-06-12,302,8,14,4
PH0040,2026-06-19,345,15,16,4
PH0040,2026-06-26,299,12,10,5
PH0040,2026-07-03,307,10,14,1
PH0040,2026-07-10,298,8,15,3
PH0040,2026-07-17,308,9,10,4
PH0040,2026-07-24,277,10,20,4
PH0040,2026-07-31,296,13,22,3
PH0040,2026-08-07,316,9,19,1
PH0040,2026-08-14,279,12,19,5
PH0040,2026-08-21,289,17,18,2
PH0041,2026-06-05,562,13,19,3
PH0041,2026-06-12,509,17,24,6
PH0041,2026-06-19,527,13,22,2
PH0041,2026-06-26,575,26,25,4
PH0041,2026-07-03,535,17,30,2
PH0041,2026-07-10,495,23,26,6
PH0041,2026-07-17,519,25,23,11
PH0041,2026-07-24,566,24,22,10
PH0041,2026-07-31,518,25,22,7
PH0041,2026-08-07,541,23,18,10
PH0041,2026-08-14,549,18,24,3
PH0041,2026-08-21,558,20,25,5
PH0043,2026-06-05,541,24,29,9
PH0043,2026-06-12,554,17,21,5
PH0043,2026-06-19,511,22,35,6
PH0043,2026-06-26,537,20,26,3
PH0043,2026-07-03,553,22,21,6
PH0043,2026-07-10,607,18,24,5
PH0043,2026-07-17,585,23,18,5
PH0043,2026-07-24,585,17,24,6
PH0043,2026-07-31,598,15,26,6
PH0043,2026-08-07,532,25,26,8
PH0043,2026-08-14,532,25,27,5
PH0043,2026-08-21,601,16,31,6
PH0046,2026-06-05,229,6,10,0
PH0046,2026-06-12,229,8,11,2
PH0046,2026-06-19,251,9,12,4
PH0046,2026-06-26,259,8,9,2
PH0046,2026-07-03,212,5,7,2
PH0046,2026-07-10,216,8,15,1
PH0046,2026-07-17,242,7,14,2
PH0046,2026-07-24,217,6,14,0
PH0046,2026-07-31,224,10,9,2
PH0046,2026-08-07,228,7,10,2
PH0046,2026-08-14,245,17,4,3
PH0046,2026-08-21,200,5,9,0
PH0047,2026-06-05,315,11,16,3
PH0047,2026-06-12,345,16,25,5
PH0047,2026-06-19,340,11,14,6
PH0047,2026-06-26,287,17,25,4
PH0047,2026-07-03,312,12,15,4
PH0047,2026-07-10,297,9,15,4
PH0047,2026-07-17,346,15,16,3
PH0047,2026-07-24,300,14,13,3
PH0047,2026-07-31,363,15,13,6
PH0047,2026-08-07,322,19,10,10
PH0047,2026-08-14,344,10,13,3
PH0047,2026-08-21,337,11,14,3
PH0049,2026-06-05,281,13,10,3
PH0049,2026-06-12,242,5,12,2
PH0049,2026-06-19,244,13,11,4
PH0049,2026-06-26,284,9,14,4
PH0049,2026-07-03,271,6,10,2
PH0049,2026-07-10,300,11,21,2
PH0049,2026-07-17,250,6,11,1
PH0049,2026-07-24,224,8,17,1
PH0049,2026-07-31,270,5,16,1
PH0049,2026-08-07,282,11,9,4
PH0049,2026-08-14,312,12,16,4
PH0049,2026-08-21,237,12,12,2
PH0050,2026-06-05,428,10,18,2
PH0050,2026-06-12,386,21,25,9
PH0050,2026-06-19,421,20,24,9
PH0050,2026-06-26,397,16,12,4
PH0050,2026-07-03,365,14,22,2
PH0050,2026-07-10,399,5,13,1
PH0050,2026-07-17,389,23,19,2
PH0050,2026-07-24,424,20,16,10
PH0050,2026-07-31,359,21,15,6
PH0050,2026-08-07,343,10,13,3
PH0050,2026-08-14,377,17,21,5
PH0050,2026-08-21,371,17,12,7
PH0051,2026-06-05,548,22,26,3
PH0051,2026-06-12,537,22,27,10
PH0051,2026-06-19,492,23,21,9
PH0051,2026-06-26,601,21,15,8
PH0051,2026-07-03,611,25,28,8
PH0051,2026-07-10,532,18,30,5
PH0051,2026-07-17,580,23,20,6
PH0051,2026-07-24,607,12,18,2
PH0051,2026-07-31,574,17,27,6
PH0051,2026-08-07,550,26,23,8
PH0051,2026-08-14,600,24,24,12
PH0051,2026-08-21,477,16,28,2
PH0052,2026-06-05,256,12,8,4
PH0052,2026-06-12,247,8,14,0
PH0052,2026-06-19,217,15,14,5
PH0052,2026-06-26,242,8,22,4
PH0052,2026-07-03,248,10,13,3
PH0052,2026-07-10,219,5,7,3
PH0052,2026-07-17,245,9,9,3
PH0052,2026-07-24,280,7,7,2
PH0052,2026-07-31,236,5,10,1
PH0052,2026-08-07,258,8,16,4
PH0052,2026-08-14,243,15,11,5
PH0052,2026-08-21,217,8,19,1
PH0053,2026-06-05,230,10,12,4
PH0053,2026-06-12,251,5,17,1
PH0053,2026-06-19,220,9,10,2
PH0053,2026-06-26,214,6,9,2
PH0053,2026-07-03,225,13,5,5
PH0053,2026-07-10,259,11,11,2
PH0053,2026-07-17,210,9,14,1
PH0053,2026-07-24,233,7,9,1
PH0053,2026-07-31,232,9,15,4
PH0053,2026-08-07,227,12,8,3
PH0053,2026-08-14,235,6,6,1
PH0053,2026-08-21,235,9,10,5
PH0054,2026-06-05,390,22,24,7
PH0054,2026-06-12,393,12,22,2
PH0054,2026-06-19,412,21,13,4
PH0054,2026-06-26,401,14,22,4
PH0054,2026-07-03,384,18,22,6
PH0054,2026-07-10,459,18,27,8
PH0054,2026-07-17,422,6,16,2
PH0054,2026-07-24,380,16,17,6
PH0054,2026-07-31,465,21,12,7
PH0054,2026-08-07,381,19,16,2
PH0054,2026-08-14,361,15,22,6
PH0054,2026-08-21,401,18,19,6
PH0057,2026-06-05,173,4,4,1
PH0057,2026-06-12,169,5,9,0
PH0057,2026-06-19,166,6,8,2
PH0057,2026-06-26,156,7,6,2
PH0057,2026-07-03,167,5,9,0
PH0057,2026-07-10,157,5,12,1
PH0057,2026-07-17,155,4,15,1
PH0057,2026-07-24,161,10,7,3
PH0057,2026-07-31,163,2,5,1
PH0057,2026-08-07,167,4,7,2
PH0057,2026-08-14,163,5,6,1
PH0057,2026-08-21,142,10,4,1
PH0058,2026-06-05,915,26,54,7
PH0058,2026-06-12,916,39,56,8
PH0058,2026-06-19,839,30,45,10
PH0058,2026-06-26,926,38,36,11
PH0058,2026-07-03,956,36,39,9
PH0058,2026-07-10,925,25,45,9
PH0058,2026-07-17,856,31,46,11
PH0058,2026-07-24,787,35,31,11
PH0058,2026-07-31,897,33,34,13
PH0058,2026-08-07,1053,40,32,15
PH0058,2026-08-14,886,28,44,7
PH0058,2026-08-21,804,40,45,15
PH0059,2026-06-05,618,24,26,8
PH0059,2026-06-12,535,11,29,3
PH0059,2026-06-19,622,20,26,5
PH0059,2026-06-26,536,24,30,8
PH0059,2026-07-03,564,19,19,5
PH0059,2026-07-10,542,20,30,8
PH0059,2026-07-17,584,24,28,8
PH0059,2026-07-24,567,28,27,8
PH0059,2026-07-31,581,23,20,2
PH0059,2026-08-07,567,23,19,3
PH0059,2026-08-14,542,20,16,4
PH0059,2026-08-21,540,23,31,3
PH0060,2026-06-05,370,14,11,1
PH0060,2026-06-12,402,13,12,5
PH0060,2026-06-19,372,14,13,3
PH0060,2026-06-26,375,10,17,0
PH0060,2026-07-03,375,16,17,4
PH0060,2026-07-10,336,11,19,3
PH0060,2026-07-17,394,18,16,3
PH0060,2026-07-24,408,18,11,6
PH0060,2026-07-31,375,9,11,5
PH0060,2026-08-07,386,12,12,4
PH0060,2026-08-14,346,16,19,2
PH0060,2026-08-21,401,11,15,4
PH0061,2026-06-05,441,9,21,3
PH0061,2026-06-12,405,16,20,3
PH0061,2026-06-19,409,17,21,9
PH0061,2026-06-26,419,12,26,1
PH0061,2026-07-03,397,13,18,4
PH0061,2026-07-10,409,14,27,2
PH0061,2026-07-17,410,16,17,5
PH0061,2026-07-24,392,11,19,3
PH0061,2026-07-31,432,14,18,7
PH0061,2026-08-07,419,11,22,0
PH0061,2026-08-14,423,13,15,2
PH0061,2026-08-21,468,10,13,2
PH0062,2026-06-05,197,7,9,2
PH0062,2026-06-12,220,12,13,1
PH0062,2026-06-19,232,14,8,5
PH0062,2026-06-26,227,7,6,0
PH0062,2026-07-03,249,4,7,2
PH0062,2026-07-10,237,12,9,4
PH0062,2026-07-17,225,10,9,0
PH0062,2026-07-24,219,11,8,2
PH0062,2026-07-31,246,9,13,2
PH0062,2026-08-07,218,10,11,3
PH0062,2026-08-14,228,10,6,2
PH0062,2026-08-21,226,5,7,1
PH0064,2026-06-05,262,7,14,2
PH0064,2026-06-12,303,11,14,4
PH0064,2026-06-19,299,11,16,4
PH0064,2026-06-26,290,16,13,6
PH0064,2026-07-03,291,12,13,4
PH0064,2026-07-10,268,11,19,2
PH0064,2026-07-17,297,9,14,2
PH0064,2026-07-24,313,12,15,2
PH0064,2026-07-31,295,11,10,2
PH0064,2026-08-07,279,12,15,1
PH0064,2026-08-14,306,13,14,4
PH0064,2026-08-21,287,11,15,3
PH0066,2026-06-05,386,16,19,7
PH0066,2026-06-12,370,19,15,7
PH0066,2026-06-19,392,13,16,3
PH0066,2026-06-26,383,12,17,3
PH0066,2026-07-03,425,14,16,4
PH0066,2026-07-10,350,10,16,3
PH0066,2026-07-17,395,14,12,6
PH0066,2026-07-24,381,18,19,4
PH0066,2026-07-31,370,11,17,4
PH0066,2026-08-07,377,8,24,3
PH0066,2026-08-14,346,10,15,2
PH0066,2026-08-21,381,21,15,5
PH0067,2026-06-05,392,16,24,3
PH0067,2026-06-12,414,11,20,2
PH0067,2026-06-19,437,10,18,2
PH0067,2026-06-26,427,15,22,2
PH0067,2026-07-03,412,14,11,4
PH0067,2026-07-10,401,16,19,3
PH0067,2026-07-17,412,18,21,8
PH0067,2026-07-24,419,17,17,4
PH0067,2026-07-31,429,14,14,3
PH0067,2026-08-07,430,22,20,6
PH0067,2026-08-14,438,16,22,2
PH0067,2026-08-21,409,27,26,7
PH0069,2026-06-05,192,2,7,0
PH0069,2026-06-12,194,13,7,4
PH0069,2026-06-19,204,5,5,1
PH0069,2026-06-26,173,11,8,3
PH0069,2026-07-03,192,7,12,0
PH0069,2026-07-10,187,8,11,3
PH0069,2026-07-17,196,5,10,2
PH0069,2026-07-24,211,9,11,3
PH0069,2026-07-31,195,7,9,3
PH0069,2026-08-07,193,6,12,1
PH0069,2026-08-14,192,4,13,0
PH0069,2026-08-21,182,5,6,2
PH0071,2026-06-05,282,3,10,0
PH0071,2026-06-12,247,4,4,0
PH0071,2026-06-19,267,2,4,0
PH0071,2026-06-26,254,3,5,0
PH0071,2026-07-03,249,6,3,1
PH0071,2026-07-10,246,5,4,2
PH0071,2026-07-17,262,7,7,4
PH0071,2026-07-24,242,1,9,1
PH0071,2026-07-31,218,8,6,0
PH0071,2026-08-07,256,2,3,2
PH0071,2026-08-14,225,4,1,1
PH0071,2026-08-21,237,3,2,2
PH0072,2026-06-05,265,8,4,2
PH0072,2026-06-12,303,5,4,1
PH0072,2026-06-19,271,3,7,2
PH0072,2026-06-26,276,3,6,1
PH0072,2026-07-03,260,5,2,0
PH0072,2026-07-10,274,2,5,0
PH0072,2026-07-17,278,1,4,1
PH0072,2026-07-24,285,2,7,1
PH0072,2026-07-31,254,4,4,1
PH0072,2026-08-07,270,1,3,0
PH0072,2026-08-14,263,6,6,2
PH0072,2026-08-21,270,6,6,3
PH0073,2026-06-05,310,3,8,1
PH0073,2026-06-12,298,3,4,0
PH0073,2026-06-19,291,3,7,0
PH0073,2026-06-26,312,1,3,0
PH0073,2026-07-03,302,5,10,0
PH0073,2026-07-10,307,3,6,1
PH0073,2026-07-17,334,3,7,0
PH0073,2026-07-24,304,5,2,0
PH0073,2026-07-31,291,5,5,0
PH0073,2026-08-07,307,4,7,2
PH0073,2026-08-14,337,4,5,1
PH0073,2026-08-21,304,5,4,1
PH0075,2026-06-05,818,27,42,9
PH0075,2026-06-12,861,36,43,6
PH0075,2026-06-19,788,23,43,10
PH0075,2026-06-26,898,24,39,4
PH0075,2026-07-03,956,17,50,7
PH0075,2026-07-10,837,26,35,6
PH0075,2026-07-17,888,33,30,11
PH0075,2026-07-24,825,24,44,5
PH0075,2026-07-31,1008,20,32,5
PH0075,2026-08-07,858,25,38,4
PH0075,2026-08-14,865,33,30,5
PH0075,2026-08-21,846,33,36,4
PH0076,2026-06-05,421,14,28,0
PH0076,2026-06-12,465,15,29,4
PH0076,2026-06-19,446,6,23,2
PH0076,2026-06-26,468,16,21,4
PH0076,2026-07-03,451,9,23,4
PH0076,2026-07-10,423,11,24,5
PH0076,2026-07-17,482,16,21,4
PH0076,2026-07-24,459,8,20,2
PH0076,2026-07-31,474,15,25,3
PH0076,2026-08-07,475,18,26,7
PH0076,2026-08-14,479,11,31,3
PH0076,2026-08-21,445,10,19,1
PH0077,2026-06-05,393,14,16,4
PH0077,2026-06-12,414,8,24,0
PH0077,2026-06-19,400,4,17,0
PH0077,2026-06-26,401,13,17,5
PH0077,2026-07-03,386,17,18,6
PH0077,2026-07-10,420,5,16,3
PH0077,2026-07-17,383,12,16,3
PH0077,2026-07-24,373,12,18,2
PH0077,2026-07-31,421,20,9,2
PH0077,2026-08-07,409,7,18,1
PH0077,2026-08-14,406,14,21,3
PH0077,2026-08-21,378,13,16,2
PH0078,2026-06-05,797,23,31,7
PH0078,2026-06-12,772,15,39,9
PH0078,2026-06-19,753,17,31,6
PH0078,2026-06-26,708,19,38,5
PH0078,2026-07-03,812,23,49,3
PH0078,2026-07-10,774,24,43,6
PH0078,2026-07-17,737,21,36,5
PH0078,2026-07-24,773,18,39,3
PH0078,2026-07-31,844,31,35,10
PH0078,2026-08-07,758,18,27,3
PH0078,2026-08-14,784,23,26,6
PH0078,2026-08-21,726,24,35,7
PH0081,2026-06-05,608,19,25,6
PH0081,2026-06-12,574,19,30,6
PH0081,2026-06-19,602,16,24,2
PH0081,2026-06-26,586,17,31,3
PH0081,2026-07-03,585,19,28,6
PH0081,2026-07-10,584,16,32,7
PH0081,2026-07-17,604,19,39,8
PH0081,2026-07-24,583,18,19,5
PH0081,2026-07-31,667,23,29,5
PH0081,2026-08-07,613,18,34,6
PH0081,2026-08-14,569,20,32,4
PH0081,2026-08-21,608,17,25,1
PH0082,2026-06-05,860,16,39,6
PH0082,2026-06-12,770,26,41,6
PH0082,2026-06-19,781,18,41,6
PH0082,2026-06-26,807,14,33,5
PH0082,2026-07-03,818,14,40,4
PH0082,2026-07-10,760,18,44,6
PH0082,2026-07-17,803,25,34,7
PH0082,2026-07-24,792,17,43,5
PH0082,2026-07-31,754,25,34,4
PH0082,2026-08-07,841,27,33,3
PH0082,2026-08-14,817,26,33,6
PH0082,2026-08-21,782,28,40,9
PH0083,2026-06-05,244,5,20,2
PH0083,2026-06-12,226,8,16,2
PH0083,2026-06-19,251,4,9,3
PH0083,2026-06-26,235,5,12,1
PH0083,2026-07-03,220,6,12,5
PH0083,2026-07-10,233,6,8,1
PH0083,2026-07-17,211,7,11,1
PH0083,2026-07-24,226,6,10,3
PH0083,2026-07-31,233,4,16,0
PH0083,2026-08-07,240,8,11,2
PH0083,2026-08-14,223,2,13,1
PH0083,2026-08-21,192,7,13,0
PH0085,2026-06-05,102,3,8,2
PH0085,2026-06-12,112,2,3,2
PH0085,2026-06-19,131,1,2,0
PH0085,2026-06-26,105,1,2,1
PH0085,2026-07-03,106,4,4,0
PH0085,2026-07-10,101,3,4,2
PH0085,2026-07-17,113,7,4,3
PH0085,2026-07-24,119,6,7,1
PH0085,2026-07-31,113,2,4,0
PH0085,2026-08-07,110,2,6,0
PH0085,2026-08-14,118,1,7,0
PH0085,2026-08-21,115,1,3,1
PH0086,2026-06-05,564,15,18,4
PH0086,2026-06-12,545,11,20,0
PH0086,2026-06-19,551,19,23,7
PH0086,2026-06-26,570,19,33,9
PH0086,2026-07-03,575,19,37,4
PH0086,2026-07-10,590,8,29,3
PH0086,2026-07-17,644,21,27,9
PH0086,2026-07-24,566,16,23,4
PH0086,2026-07-31,557,11,29,2
PH0086,2026-08-07,617,19,45,6
PH0086,2026-08-14,604,12,26,3
PH0086,2026-08-21,593,21,22,4
PH0087,2026-06-05,565,13,22,5
PH0087,2026-06-12,576,13,32,5
PH0087,2026-06-19,577,16,19,6
PH0087,2026-06-26,519,21,28,2
PH0087,2026-07-03,568,12,22,5
PH0087,2026-07-10,567,11,26,4
PH0087,2026-07-17,547,13,29,2
PH0087,2026-07-24,567,16,26,5
PH0087,2026-07-31,561,11,23,4
PH0087,2026-08-07,448,20,30,6
PH0087,2026-08-14,520,15,22,4
PH0087,2026-08-21,576,14,31,5
PH0088,2026-06-05,1008,25,53,9
PH0088,2026-06-12,1065,27,65,11
PH0088,2026-06-19,1174,37,47,12
PH0088,2026-06-26,1054,29,37,6
PH0088,2026-07-03,1026,25,49,6
PH0088,2026-07-10,1037,36,56,11
PH0088,2026-07-17,1058,38,54,12
PH0088,2026-07-24,969,29,45,6
PH0088,2026-07-31,990,36,57,9
PH0088,2026-08-07,1180,27,43,6
PH0088,2026-08-14,1020,36,41,11
PH0088,2026-08-21,1032,41,56,8
PH0089,2026-06-05,342,19,12,9
PH0089,2026-06-12,353,10,18,1
PH0089,2026-06-19,366,9,11,1
PH0089,2026-06-26,358,8,16,2
PH0089,2026-07-03,333,14,21,3
PH0089,2026-07-10,334,9,18,4
PH0089,2026-07-17,357,8,17,4
PH0089,2026-07-24,347,9,18,2
PH0089,2026-07-31,315,7,11,2
PH0089,2026-08-07,345,12,17,3
PH0089,2026-08-14,358,14,16,4
PH0089,2026-08-21,379,10,21,4
PH0091,2026-06-05,1217,44,70,11
PH0091,2026-06-12,1272,32,68,9
PH0091,2026-06-19,1135,28,53,8
PH0091,2026-06-26,1208,37,63,12
PH0091,2026-07-03,1341,46,48,17
PH0091,2026-07-10,1237,40,56,13
PH0091,2026-07-17,1354,43,51,6
PH0091,2026-07-24,1179,35,61,9
PH0091,2026-07-31,1254,35,57,10
PH0091,2026-08-07,1197,37,41,13
PH0091,2026-08-14,1217,30,54,8
PH0091,2026-08-21,1252,37,69,7
PH0092,2026-06-05,375,14,21,6
PH0092,2026-06-12,337,12,21,3
PH0092,2026-06-19,366,8,19,3
PH0092,2026-06-26,371,11,16,6
PH0092,2026-07-03,358,7,20,3
PH0092,2026-07-10,400,9,15,3
PH0092,2026-07-17,299,12,14,5
PH0092,2026-07-24,335,6,14,1
PH0092,2026-07-31,386,10,22,1
PH0092,2026-08-07,371,7,18,2
PH0092,2026-08-14,358,5,15,1
PH0092,2026-08-21,300,11,21,3
PH0094,2026-06-05,753,12,43,4
PH0094,2026-06-12,766,25,34,6
PH0094,2026-06-19,733,19,38,4
PH0094,2026-06-26,856,19,55,5
PH0094,2026-07-03,827,25,35,6
PH0094,2026-07-10,844,23,32,8
PH0094,2026-07-17,681,30,37,5
PH0094,2026-07-24,767,30,29,5
PH0094,2026-07-31,768,13,32,6
PH0094,2026-08-07,785,25,34,7
PH0094,2026-08-14,742,25,43,7
PH0094,2026-08-21,713,14,23,2
PH0096,2026-06-05,121,2,6,1
PH0096,2026-06-12,140,5,6,2
PH0096,2026-06-19,146,4,3,1
PH0096,2026-06-26,128,4,4,0
PH0096,2026-07-03,120,4,5,2
PH0096,2026-07-10,137,3,8,2
PH0096,2026-07-17,140,5,6,2
PH0096,2026-07-24,129,1,9,0
PH0096,2026-07-31,128,4,6,0
PH0096,2026-08-07,130,5,5,2
PH0096,2026-08-14,132,4,1,2
PH0096,2026-08-21,139,1,8,0
PH0098,2026-06-05,655,19,32,5
PH0098,2026-06-12,639,26,25,6
PH0098,2026-06-19,728,11,27,3
PH0098,2026-06-26,801,15,33,3
PH0098,2026-07-03,719,19,38,6
PH0098,2026-07-10,726,17,30,2
PH0098,2026-07-17,744,14,34,6
PH0098,2026-07-24,699,13,28,3
PH0098,2026-07-31,730,23,33,7
PH0098,2026-08-07,690,31,41,13
PH0098,2026-08-14,679,22,37,4
PH0098,2026-08-21,673,18,39,4
PH0099,2026-06-05,284,0,15,0
PH0099,2026-06-12,299,9,13,2
PH0099,2026-06-19,261,6,13,3
PH0099,2026-06-26,303,8,10,2
PH0099,2026-07-03,311,11,13,3
PH0099,2026-07-10,319,9,15,4
PH0099,2026-07-17,315,6,11,3
PH0099,2026-07-24,304,13,11,5
PH0099,2026-07-31,278,10,17,2
PH0099,2026-08-07,295,9,13,2
PH0099,2026-08-14,284,5,17,0
PH0099,2026-08-21,304,8,14,3
PH0100,2026-06-05,305,9,32,1
PH0100,2026-06-12,330,5,11,1
PH0100,2026-06-19,334,9,14,3
PH0100,2026-06-26,290,13,14,6
PH0100,2026-07-03,314,11,18,2
PH0100,2026-07-10,310,10,15,5
PH0100,2026-07-17,261,7,12,1
PH0100,2026-07-24,324,9,9,2
PH0100,2026-07-31,288,7,17,3
PH0100,2026-08-07,311,8,15,2
PH0100,2026-08-14,334,11,15,5
PH0100,2026-08-21,320,7,13,0
PH0101,2026-06-05,964,23,52,3
PH0101,2026-06-12,895,23,37,5
PH0101,2026-06-19,884,33,33,17
PH0101,2026-06-26,933,30,44,10
PH0101,2026-07-03,930,15,41,8
PH0101,2026-07-10,878,27,42,8
PH0101,2026-07-17,950,28,35,2
PH0101,2026-07-24,911,27,43,3
PH0101,2026-07-31,905,26,46,8
PH0101,2026-08-07,883,29,31,7
PH0101,2026-08-14,926,28,34,6
PH0101,2026-08-21,781,27,45,7
PH0103,2026-06-05,682,11,22,2
PH0103,2026-06-12,669,21,21,6
PH0103,2026-06-19,582,17,21,4
PH0103,2026-06-26,643,18,32,5
PH0103,2026-07-03,516,10,35,0
PH0103,2026-07-10,614,20,29,7
PH0103,2026-07-17,631,12,39,2
PH0103,2026-07-24,599,15,27,6
PH0103,2026-07-31,577,10,19,3
PH0103,2026-08-07,617,20,26,6
PH0103,2026-08-14,541,18,18,5
PH0103,2026-08-21,608,17,21,2
PH0105,2026-06-05,454,14,22,4
PH0105,2026-06-12,458,15,26,4
PH0105,2026-06-19,456,17,29,8
PH0105,2026-06-26,487,14,20,4
PH0105,2026-07-03,454,12,28,2
PH0105,2026-07-10,488,12,19,4
PH0105,2026-07-17,512,9,23,1
PH0105,2026-07-24,514,18,12,4
PH0105,2026-07-31,452,14,26,2
PH0105,2026-08-07,459,8,23,2
PH0105,2026-08-14,444,14,14,5
PH0105,2026-08-21,487,14,33,3
PH0107,2026-06-05,81,6,5,2
PH0107,2026-06-12,80,3,5,0
PH0107,2026-06-19,71,1,2,1
PH0107,2026-06-26,83,2,4,0
PH0107,2026-07-03,86,3,9,0
PH0107,2026-07-10,69,5,5,1
PH0107,2026-07-17,75,3,3,0
PH0107,2026-07-24,79,3,6,1
PH0107,2026-07-31,83,2,4,2
PH0107,2026-08-07,93,2,4,1
PH0107,2026-08-14,88,4,2,2
PH0107,2026-08-21,74,3,3,1
PH0109,2026-06-05,359,12,17,5
PH0109,2026-06-12,345,18,15,1
PH0109,2026-06-19,348,14,24,7
PH0109,2026-06-26,323,7,13,2
PH0109,2026-07-03,321,5,17,2
PH0109,2026-07-10,371,16,20,6
PH0109,2026-07-17,336,15,20,6
PH0109,2026-07-24,378,12,12,2
PH0109,2026-07-31,338,12,20,5
PH0109,2026-08-07,349,14,17,5
PH0109,2026-08-14,311,5,16,1
PH0109,2026-08-21,354,16,12,5
PH0111,2026-06-05,450,16,25,5
PH0111,2026-06-12,478,10,18,7
PH0111,2026-06-19,431,10,21,2
PH0111,2026-06-26,451,10,17,4
PH0111,2026-07-03,414,9,23,3
PH0111,2026-07-10,379,18,13,3
PH0111,2026-07-17,380,10,16,4
PH0111,2026-07-24,472,14,18,7
PH0111,2026-07-31,443,10,17,3
PH0111,2026-08-07,416,15,13,5
PH0111,2026-08-14,479,15,22,3
PH0111,2026-08-21,451,13,17,3
PH0112,2026-06-05,681,20,16,9
PH0112,2026-06-12,610,5,31,0
PH0112,2026-06-19,535,18,23,8
PH0112,2026-06-26,605,18,36,6
PH0112,2026-07-03,551,9,27,2
PH0112,2026-07-10,575,29,27,6
PH0112,2026-07-17,532,18,24,6
PH0112,2026-07-24,533,13,21,6
PH0112,2026-07-31,520,15,28,4
PH0112,2026-08-07,475,19,27,3
PH0112,2026-08-14,565,21,30,7
PH0112,2026-08-21,603,16,22,6
PH0113,2026-06-05,812,17,42,3
PH0113,2026-06-12,862,19,52,2
PH0113,2026-06-19,891,24,45,3
PH0113,2026-06-26,845,26,44,4
PH0113,2026-07-03,791,13,35,1
PH0113,2026-07-10,855,25,34,6
PH0113,2026-07-17,849,29,37,10
PH0113,2026-07-24,881,25,44,9
PH0113,2026-07-31,921,23,35,8
PH0113,2026-08-07,884,24,35,5
PH0113,2026-08-14,869,24,33,6
PH0113,2026-08-21,946,31,45,10
PH0115,2026-06-05,593,19,31,5
PH0115,2026-06-12,589,16,36,7
PH0115,2026-06-19,639,17,23,8
PH0115,2026-06-26,575,13,26,2
PH0115,2026-07-03,546,12,24,5
PH0115,2026-07-10,573,14,28,3
PH0115,2026-07-17,627,14,25,5
PH0115,2026-07-24,601,21,29,7
PH0115,2026-07-31,598,17,33,1
PH0115,2026-08-07,620,22,33,3
PH0115,2026-08-14,622,18,36,5
PH0115,2026-08-21,634,18,23,5
PH0116,2026-06-05,687,23,36,7
PH0116,2026-06-12,641,24,36,6
PH0116,2026-06-19,760,12,23,4
PH0116,2026-06-26,664,14,32,2
PH0116,2026-07-03,691,15,28,6
PH0116,2026-07-10,592,20,29,8
PH0116,2026-07-17,677,19,34,8
PH0116,2026-07-24,754,20,42,8
PH0116,2026-07-31,704,19,37,3
PH0116,2026-08-07,691,28,40,10
PH0116,2026-08-14,696,32,32,10
PH0116,2026-08-21,678,10,31,3
PH0117,2026-06-05,323,9,11,3
PH0117,2026-06-12,365,7,19,2
PH0117,2026-06-19,354,11,11,3
PH0117,2026-06-26,339,5,15,0
PH0117,2026-07-03,407,16,11,5
PH0117,2026-07-10,396,16,27,4
PH0117,2026-07-17,311,8,16,2
PH0117,2026-07-24,309,13,18,4
PH0117,2026-07-31,383,6,20,4
PH0117,2026-08-07,360,13,16,3
PH0117,2026-08-14,380,14,16,4
PH0117,2026-08-21,371,5,9,1
PH0119,2026-06-05,658,16,26,1
PH0119,2026-06-12,726,22,30,9
PH0119,2026-06-19,604,20,31,3
PH0119,2026-06-26,653,18,38,4
PH0119,2026-07-03,699,21,32,6
PH0119,2026-07-10,643,20,33,3
PH0119,2026-07-17,713,11,30,3
PH0119,2026-07-24,611,19,25,6
PH0119,2026-07-31,685,20,39,5
PH0119,2026-08-07,676,19,39,4
PH0119,2026-08-14,712,23,40,7
PH0119,2026-08-21,701,14,17,4
PH0121,2026-06-05,627,22,30,6
PH0121,2026-06-12,616,21,32,7
PH0121,2026-06-19,653,20,26,8
PH0121,2026-06-26,614,15,30,3
PH0121,2026-07-03,608,16,30,3
PH0121,2026-07-10,662,19,28,7
PH0121,2026-07-17,560,18,25,7
PH0121,2026-07-24,560,12,29,3
PH0121,2026-07-31,565,14,32,4
PH0121,2026-08-07,683,24,34,6
PH0121,2026-08-14,643,19,25,3
PH0121,2026-08-21,618,16,31,4
PH0124,2026-06-05,714,14,35,3
PH0124,2026-06-12,680,18,24,5
PH0124,2026-06-19,667,21,27,6
PH0124,2026-06-26,598,16,37,5
PH0124,2026-07-03,726,25,24,7
PH0124,2026-07-10,671,21,30,1
PH0124,2026-07-17,660,20,28,2
PH0124,2026-07-24,703,26,32,7
PH0124,2026-07-31,722,24,35,8
PH0124,2026-08-07,668,30,32,12
PH0124,2026-08-14,631,21,35,3
PH0124,2026-08-21,720,19,21,4
PH0125,2026-06-05,115,2,3,1
PH0125,2026-06-12,99,2,2,0
PH0125,2026-06-19,98,3,6,0
PH0125,2026-06-26,105,2,6,0
PH0125,2026-07-03,111,2,6,0
PH0125,2026-07-10,108,1,4,0
PH0125,2026-07-17,101,0,8,0
PH0125,2026-07-24,100,1,4,1
PH0125,2026-07-31,98,1,6,0
PH0125,2026-08-07,111,4,4,1
PH0125,2026-08-14,110,4,7,1
PH0125,2026-08-21,104,3,5,2
PH0129,2026-06-05,260,7,9,2
PH0129,2026-06-12,263,7,15,0
PH0129,2026-06-19,307,5,7,1
PH0129,2026-06-26,275,7,19,6
PH0129,2026-07-03,282,7,16,2
PH0129,2026-07-10,279,7,13,1
PH0129,2026-07-17,285,11,9,2
PH0129,2026-07-24,292,15,14,2
PH0129,2026-07-31,284,5,9,2
PH0129,2026-08-07,277,4,11,2
PH0129,2026-08-14,277,4,12,3
PH0129,2026-08-21,273,9,13,2
PH0133,2026-06-05,292,8,12,1
PH0133,2026-06-12,324,10,19,3
PH0133,2026-06-19,285,10,14,1
PH0133,2026-06-26,304,8,16,4
PH0133,2026-07-03,282,6,5,3
PH0133,2026-07-10,309,10,15,2
PH0133,2026-07-17,341,8,22,2
PH0133,2026-07-24,314,6,24,1
PH0133,2026-07-31,288,6,8,3
PH0133,2026-08-07,298,13,11,3
PH0133,2026-08-14,301,14,16,4
PH0133,2026-08-21,289,6,11,1
PH0134,2026-06-05,506,8,32,5
PH0134,2026-06-12,536,19,26,6
PH0134,2026-06-19,574,12,27,4
PH0134,2026-06-26,474,14,28,7
PH0134,2026-07-03,569,20,21,6
PH0134,2026-07-10,516,18,30,5
PH0134,2026-07-17,539,13,29,3
PH0134,2026-07-24,532,16,24,6
PH0134,2026-07-31,527,12,21,2
PH0134,2026-08-07,567,13,24,5
PH0134,2026-08-14,508,18,35,5
PH0134,2026-08-21,618,17,29,5
PH0136,2026-06-05,230,3,6,0
PH0136,2026-06-12,223,3,3,2
PH0136,2026-06-19,261,6,4,2
PH0136,2026-06-26,238,3,3,2
PH0136,2026-07-03,245,0,1,0
PH0136,2026-07-10,249,3,1,0
PH0136,2026-07-17,269,3,1,1
PH0136,2026-07-24,217,1,4,0
PH0136,2026-07-31,243,1,8,0
PH0136,2026-08-07,236,1,4,0
PH0136,2026-08-14,252,2,4,0
PH0136,2026-08-21,216,5,3,1
PH0137,2026-06-05,352,5,4,3
PH0137,2026-06-12,348,5,10,3
PH0137,2026-06-19,326,3,5,2
PH0137,2026-06-26,341,7,5,2
PH0137,2026-07-03,381,3,9,0
PH0137,2026-07-10,327,0,5,0
PH0137,2026-07-17,353,7,10,2
PH0137,2026-07-24,337,10,2,5
PH0137,2026-07-31,327,12,9,4
PH0137,2026-08-07,348,4,5,0
PH0137,2026-08-14,324,1,10,0
PH0137,2026-08-21,303,5,13,1
PH0138,2026-06-05,258,2,6,0
PH0138,2026-06-12,274,3,3,0
PH0138,2026-06-19,255,4,7,1
PH0138,2026-06-26,275,6,6,3
PH0138,2026-07-03,315,3,6,1
PH0138,2026-07-10,293,2,4,0
PH0138,2026-07-17,304,4,8,1
PH0138,2026-07-24,282,3,11,0
PH0138,2026-07-31,272,1,8,0
PH0138,2026-08-07,301,4,4,0
PH0138,2026-08-14,279,3,5,0
PH0138,2026-08-21,261,5,2,1
PH0139,2026-06-05,373,2,8,0
PH0139,2026-06-12,342,5,3,2
PH0139,2026-06-19,363,3,10,1
PH0139,2026-06-26,346,7,12,2
PH0139,2026-07-03,350,5,4,1
PH0139,2026-07-10,374,2,4,2
PH0139,2026-07-17,336,3,5,3
PH0139,2026-07-24,400,6,8,0
PH0139,2026-07-31,394,6,7,1
PH0139,2026-08-07,367,5,5,2
PH0139,2026-08-14,338,6,5,1
PH0139,2026-08-21,389,8,7,4
PH0140,2026-06-05,246,4,13,0
PH0140,2026-06-12,230,6,14,2
PH0140,2026-06-19,195,9,12,1
PH0140,2026-06-26,247,6,14,3
PH0140,2026-07-03,218,7,8,3
PH0140,2026-07-10,233,8,7,1
PH0140,2026-07-17,243,8,5,2
PH0140,2026-07-24,249,5,6,1
PH0140,2026-07-31,235,13,15,1
PH0140,2026-08-07,253,7,12,3
PH0140,2026-08-14,254,6,13,1
PH0140,2026-08-21,249,10,13,2
PH0142,2026-06-05,713,16,37,5
PH0142,2026-06-12,781,12,30,2
PH0142,2026-06-19,741,25,36,3
PH0142,2026-06-26,784,14,24,2
PH0142,2026-07-03,685,25,34,8
PH0142,2026-07-10,718,28,36,7
PH0142,2026-07-17,752,28,18,9
PH0142,2026-07-24,683,18,39,4
PH0142,2026-07-31,678,27,31,11
PH0142,2026-08-07,734,33,35,10
PH0142,2026-08-14,749,21,38,7
PH0142,2026-08-21,742,25,35,4
PH0143,2026-06-05,117,4,10,1
PH0143,2026-06-12,106,0,6,0
PH0143,2026-06-19,111,1,8,0
PH0143,2026-06-26,107,2,6,2
PH0143,2026-07-03,95,3,2,1
PH0143,2026-07-10,101,4,4,0
PH0143,2026-07-17,102,3,4,1
PH0143,2026-07-24,112,3,6,1
PH0143,2026-07-31,117,3,6,0
PH0143,2026-08-07,113,6,4,1
PH0143,2026-08-14,106,8,6,1
PH0143,2026-08-21,109,0,7,0
PH0144,2026-06-05,394,4,16,1
PH0144,2026-06-12,359,22,18,11
PH0144,2026-06-19,364,8,19,2
PH0144,2026-06-26,361,12,17,3
PH0144,2026-07-03,338,13,14,5
PH0144,2026-07-10,370,11,18,3
PH0144,2026-07-17,374,17,19,4
PH0144,2026-07-24,352,10,23,1
PH0144,2026-07-31,423,11,17,6
PH0144,2026-08-07,355,12,16,4
PH0144,2026-08-14,411,8,15,1
PH0144,2026-08-21,369,6,13,2
PH0146,2026-06-05,773,34,34,6
PH0146,2026-06-12,751,19,35,6
PH0146,2026-06-19,727,18,23,6
PH0146,2026-06-26,667,27,29,6
PH0146,2026-07-03,764,27,42,8
PH0146,2026-07-10,755,27,34,5
PH0146,2026-07-17,743,19,39,6
PH0146,2026-07-24,789,26,32,9
PH0146,2026-07-31,702,29,39,5
PH0146,2026-08-07,781,22,32,9
PH0146,2026-08-14,718,26,30,5
PH0146,2026-08-21,771,23,31,8
PH0147,2026-06-05,680,14,31,4
PH0147,2026-06-12,668,23,37,11
PH0147,2026-06-19,694,20,36,5
PH0147,2026-06-26,739,24,48,8
PH0147,2026-07-03,707,19,31,4
PH0147,2026-07-10,848,24,37,7
PH0147,2026-07-17,684,24,42,6
PH0147,2026-07-24,668,18,36,5
PH0147,2026-07-31,741,18,29,7
PH0147,2026-08-07,712,19,25,6
PH0147,2026-08-14,732,18,43,5
PH0147,2026-08-21,760,20,40,5
PH0148,2026-06-05,162,4,6,2
PH0148,2026-06-12,174,2,7,1
PH0148,2026-06-19,157,4,7,1
PH0148,2026-06-26,153,4,9,0
PH0148,2026-07-03,167,10,7,4
PH0148,2026-07-10,146,7,12,2
PH0148,2026-07-17,148,10,7,4
PH0148,2026-07-24,184,11,5,5
PH0148,2026-07-31,155,5,6,2
PH0148,2026-08-07,151,4,6,2
PH0148,2026-08-14,174,3,14,1
PH0148,2026-08-21,157,5,8,1
PH0152,2026-06-05,978,29,51,6
PH0152,2026-06-12,954,32,55,6
PH0152,2026-06-19,916,32,56,8
PH0152,2026-06-26,932,40,43,14
PH0152,2026-07-03,895,25,57,4
PH0152,2026-07-10,1120,17,46,5
PH0152,2026-07-17,951,36,38,12
PH0152,2026-07-24,876,38,47,16
PH0152,2026-07-31,1016,38,46,11
PH0152,2026-08-07,907,37,52,11
PH0152,2026-08-14,1078,39,51,10
PH0152,2026-08-21,942,35,64,10
PH0154,2026-06-05,754,20,40,4
PH0154,2026-06-12,757,20,31,5
PH0154,2026-06-19,733,23,39,8
PH0154,2026-06-26,720,23,36,8
PH0154,2026-07-03,665,28,37,5
PH0154,2026-07-10,647,19,22,6
PH0154,2026-07-17,725,16,35,7
PH0154,2026-07-24,784,24,40,11
PH0154,2026-07-31,667,25,29,8
PH0154,2026-08-07,776,16,22,8
PH0154,2026-08-14,713,17,28,5
PH0154,2026-08-21,712,22,34,8
PH0156,2026-06-05,175,6,9,2
PH0156,2026-06-12,177,6,6,1
PH0156,2026-06-19,177,3,9,1
PH0156,2026-06-26,160,3,10,2
PH0156,2026-07-03,173,6,10,3
PH0156,2026-07-10,201,5,9,2
PH0156,2026-07-17,177,5,10,1
PH0156,2026-07-24,179,3,10,1
PH0156,2026-07-31,193,3,9,0
PH0156,2026-08-07,188,6,12,1
PH0156,2026-08-14,178,8,4,1
PH0156,2026-08-21,178,6,13,1
PH0158,2026-06-05,450,14,26,5
PH0158,2026-06-12,446,22,25,8
PH0158,2026-06-19,510,10,24,4
PH0158,2026-06-26,423,10,26,3
PH0158,2026-07-03,458,18,22,4
PH0158,2026-07-10,485,11,23,2
PH0158,2026-07-17,499,13,33,3
PH0158,2026-07-24,486,18,17,4
PH0158,2026-07-31,456,12,19,1
PH0158,2026-08-07,460,20,21,9
PH0158,2026-08-14,479,10,20,2
PH0158,2026-08-21,483,9,20,2
PH0161,2026-06-05,391,10,17,1
PH0161,2026-06-12,399,11,20,1
PH0161,2026-06-19,365,10,17,2
PH0161,2026-06-26,363,20,13,5
PH0161,2026-07-03,379,15,14,2
PH0161,2026-07-10,376,8,15,3
PH0161,2026-07-17,364,15,17,3
PH0161,2026-07-24,353,9,14,4
PH0161,2026-07-31,374,11,19,1
PH0161,2026-08-07,356,17,16,4
PH0161,2026-08-14,368,16,19,7
PH0161,2026-08-21,397,17,22,3
PH0164,2026-06-05,525,15,25,2
PH0164,2026-06-12,511,14,28,2
PH0164,2026-06-19,515,20,20,7
PH0164,2026-06-26,477,19,26,3
PH0164,2026-07-03,448,19,27,7
PH0164,2026-07-10,443,10,22,2
PH0164,2026-07-17,499,18,27,4
PH0164,2026-07-24,494,15,20,7
PH0164,2026-07-31,522,19,22,6
PH0164,2026-08-07,501,15,20,6
PH0164,2026-08-14,501,23,19,5
PH0164,2026-08-21,515,20,16,7
PH0165,2026-06-05,391,19,19,9
PH0165,2026-06-12,370,17,14,7
PH0165,2026-06-19,353,12,21,1
PH0165,2026-06-26,377,15,13,5
PH0165,2026-07-03,392,7,18,2
PH0165,2026-07-10,358,13,18,2
PH0165,2026-07-17,341,14,17,1
PH0165,2026-07-24,345,6,21,0
PH0165,2026-07-31,404,4,25,1
PH0165,2026-08-07,383,10,21,1
PH0165,2026-08-14,330,19,13,7
PH0165,2026-08-21,344,11,11,3
PH0166,2026-06-05,325,11,12,1
PH0166,2026-06-12,327,6,22,1
PH0166,2026-06-19,372,13,15,5
PH0166,2026-06-26,285,9,12,2
PH0166,2026-07-03,360,9,10,0
PH0166,2026-07-10,333,12,13,7
PH0166,2026-07-17,330,15,19,5
PH0166,2026-07-24,327,7,15,1
PH0166,2026-07-31,303,9,10,1
PH0166,2026-08-07,341,16,10,1
PH0166,2026-08-14,327,14,12,2
PH0166,2026-08-21,325,10,22,4
PH0167,2026-06-05,577,20,32,4
PH0167,2026-06-12,628,21,29,5
PH0167,2026-06-19,652,22,32,6
PH0167,2026-06-26,663,16,32,5
PH0167,2026-07-03,592,18,29,7
PH0167,2026-07-10,614,19,25,7
PH0167,2026-07-17,662,25,33,5
PH0167,2026-07-24,691,18,26,5
PH0167,2026-07-31,652,27,17,7
PH0167,2026-08-07,643,20,30,4
PH0167,2026-08-14,678,18,31,6
PH0167,2026-08-21,662,30,33,6
PH0168,2026-06-05,1339,33,70,6
PH0168,2026-06-12,1410,56,69,17
PH0168,2026-06-19,1360,42,77,14
PH0168,2026-06-26,1452,47,66,17
PH0168,2026-07-03,1233,53,66,16
PH0168,2026-07-10,1439,34,64,10
PH0168,2026-07-17,1466,39,51,10
PH0168,2026-07-24,1401,40,66,13
PH0168,2026-07-31,1278,49,62,10
PH0168,2026-08-07,1529,30,60,10
PH0168,2026-08-14,1366,46,56,12
PH0168,2026-08-21,1383,54,74,16
PH0170,2026-06-05,366,14,20,3
PH0170,2026-06-12,377,15,20,6
PH0170,2026-06-19,354,12,12,4
PH0170,2026-06-26,405,12,17,4
PH0170,2026-07-03,358,13,12,2
PH0170,2026-07-10,379,17,14,8
PH0170,2026-07-17,364,12,17,4
PH0170,2026-07-24,350,14,15,5
PH0170,2026-07-31,415,11,18,2
PH0170,2026-08-07,378,11,21,5
PH0170,2026-08-14,391,18,18,8
PH0170,2026-08-21,341,15,30,2
PH0171,2026-06-05,409,12,13,4
PH0171,2026-06-12,405,5,11,1
PH0171,2026-06-19,372,8,24,2
PH0171,2026-06-26,400,12,19,2
PH0171,2026-07-03,363,16,17,4
PH0171,2026-07-10,358,7,18,3
PH0171,2026-07-17,373,9,18,3
PH0171,2026-07-24,389,13,7,6
PH0171,2026-07-31,358,11,11,4
PH0171,2026-08-07,369,14,21,5
PH0171,2026-08-14,386,17,16,4
PH0171,2026-08-21,420,12,16,5
PH0172,2026-06-05,607,18,35,6
PH0172,2026-06-12,580,19,25,8
PH0172,2026-06-19,626,18,35,1
PH0172,2026-06-26,664,21,29,5
PH0172,2026-07-03,596,15,26,6
PH0172,2026-07-10,620,24,30,9
PH0172,2026-07-17,662,27,31,8
PH0172,2026-07-24,704,13,33,0
PH0172,2026-07-31,620,26,21,2
PH0172,2026-08-07,648,9,29,2
PH0172,2026-08-14,699,19,21,9
PH0172,2026-08-21,648,25,22,6
PH0173,2026-06-05,334,9,11,2
PH0173,2026-06-12,365,8,21,2
PH0173,2026-06-19,309,17,10,7
PH0173,2026-06-26,328,13,14,3
PH0173,2026-07-03,368,13,17,4
PH0173,2026-07-10,368,9,16,3
PH0173,2026-07-17,338,12,12,3
PH0173,2026-07-24,316,10,21,3
PH0173,2026-07-31,363,10,14,3
PH0173,2026-08-07,339,11,21,5
PH0173,2026-08-14,337,8,13,1
PH0173,2026-08-21,383,12,20,2
PH0174,2026-06-05,421,10,17,4
PH0174,2026-06-12,411,11,17,4
PH0174,2026-06-19,394,12,19,3
PH0174,2026-06-26,411,13,20,4
PH0174,2026-07-03,391,11,21,3
PH0174,2026-07-10,428,9,17,1
PH0174,2026-07-17,402,15,24,4
PH0174,2026-07-24,418,13,19,4
PH0174,2026-07-31,358,18,12,2
PH0174,2026-08-07,372,8,14,3
PH0174,2026-08-14,441,19,14,3
PH0174,2026-08-21,428,9,15,3
PH0175,2026-06-05,322,11,15,4
PH0175,2026-06-12,381,9,19,3
PH0175,2026-06-19,348,17,19,4
PH0175,2026-06-26,324,10,25,2
PH0175,2026-07-03,315,4,20,1
PH0175,2026-07-10,361,12,14,4
PH0175,2026-07-17,333,11,20,4
PH0175,2026-07-24,327,3,10,1
PH0175,2026-07-31,339,15,13,3
PH0175,2026-08-07,298,15,13,5
PH0175,2026-08-14,331,9,9,2
PH0175,2026-08-21,332,8,13,2
PH0176,2026-06-05,433,9,19,4
PH0176,2026-06-12,367,8,21,3
PH0176,2026-06-19,420,14,17,5
PH0176,2026-06-26,374,11,18,2
PH0176,2026-07-03,438,7,22,0
PH0176,2026-07-10,360,10,19,3
PH0176,2026-07-17,402,10,18,3
PH0176,2026-07-24,364,12,17,2
PH0176,2026-07-31,359,12,18,3
PH0176,2026-08-07,391,15,9,3
PH0176,2026-08-14,366,19,23,4
PH0176,2026-08-21,399,16,20,3
PH0177,2026-06-05,536,17,23,5
PH0177,2026-06-12,550,19,17,10
PH0177,2026-06-19,494,13,21,3
PH0177,2026-06-26,506,12,23,5
PH0177,2026-07-03,530,12,25,4
PH0177,2026-07-10,496,17,20,6
PH0177,2026-07-17,553,22,31,6
PH0177,2026-07-24,555,28,23,5
PH0177,2026-07-31,484,19,28,4
PH0177,2026-08-07,467,8,31,2
PH0177,2026-08-14,479,22,37,6
PH0177,2026-08-21,536,25,15,3
PH0178,2026-06-05,709,19,35,7
PH0178,2026-06-12,660,13,24,3
PH0178,2026-06-19,688,18,27,4
PH0178,2026-06-26,695,16,31,4
PH0178,2026-07-03,696,27,38,8
PH0178,2026-07-10,718,18,25,8
PH0178,2026-07-17,716,28,26,8
PH0178,2026-07-24,738,22,35,5
PH0178,2026-07-31,722,28,38,5
PH0178,2026-08-07,626,20,25,5
PH0178,2026-08-14,724,26,35,4
PH0178,2026-08-21,719,19,25,2
PH0182,2026-06-05,400,12,17,4
PH0182,2026-06-12,438,13,14,5
PH0182,2026-06-19,413,11,27,4
PH0182,2026-06-26,406,11,23,6
PH0182,2026-07-03,415,18,18,7
PH0182,2026-07-10,411,13,32,2
PH0182,2026-07-17,441,22,30,5
PH0182,2026-07-24,386,9,20,3
PH0182,2026-07-31,462,11,22,4
PH0182,2026-08-07,423,9,19,2
PH0182,2026-08-14,388,10,16,0
PH0182,2026-08-21,411,9,14,5
PH0183,2026-06-05,243,6,11,1
PH0183,2026-06-12,284,13,6,3
PH0183,2026-06-19,270,11,4,3
PH0183,2026-06-26,285,10,14,4
PH0183,2026-07-03,285,2,14,2
PH0183,2026-07-10,244,10,13,4
PH0183,2026-07-17,231,4,8,2
PH0183,2026-07-24,250,6,16,5
PH0183,2026-07-31,279,11,11,3
PH0183,2026-08-07,259,7,8,3
PH0183,2026-08-14,259,5,15,2
PH0183,2026-08-21,271,9,10,1
PH0185,2026-06-05,551,19,23,5
PH0185,2026-06-12,560,17,29,6
PH0185,2026-06-19,602,13,26,2
PH0185,2026-06-26,530,21,24,3
PH0185,2026-07-03,499,16,20,6
PH0185,2026-07-10,495,23,27,8
PH0185,2026-07-17,498,16,32,6
PH0185,2026-07-24,634,22,25,5
PH0185,2026-07-31,642,12,24,2
PH0185,2026-08-07,600,12,26,4
PH0185,2026-08-14,522,13,26,2
PH0185,2026-08-21,576,19,25,6
PH0187,2026-06-05,707,15,36,0
PH0187,2026-06-12,775,20,40,9
PH0187,2026-06-19,777,28,32,8
PH0187,2026-06-26,744,23,29,6
PH0187,2026-07-03,744,21,32,5
PH0187,2026-07-10,665,21,31,6
PH0187,2026-07-17,750,22,25,8
PH0187,2026-07-24,680,26,24,8
PH0187,2026-07-31,747,17,34,10
PH0187,2026-08-07,683,22,28,6
PH0187,2026-08-14,751,20,38,7
PH0187,2026-08-21,732,24,31,7
PH0189,2026-06-05,296,11,17,2
PH0189,2026-06-12,326,12,28,5
PH0189,2026-06-19,350,8,22,3
PH0189,2026-06-26,351,11,12,5
PH0189,2026-07-03,353,11,14,5
PH0189,2026-07-10,349,8,15,2
PH0189,2026-07-17,355,18,12,6
PH0189,2026-07-24,351,11,19,3
PH0189,2026-07-31,356,11,11,3
PH0189,2026-08-07,331,14,13,3
PH0189,2026-08-14,363,12,14,3
PH0189,2026-08-21,346,12,11,5
PH0190,2026-06-05,296,7,7,3
PH0190,2026-06-12,298,4,10,0
PH0190,2026-06-19,344,12,20,3
PH0190,2026-06-26,296,15,22,7
PH0190,2026-07-03,330,9,8,2
PH0190,2026-07-10,303,9,16,2
PH0190,2026-07-17,317,10,22,5
PH0190,2026-07-24,347,8,10,1
PH0190,2026-07-31,341,9,15,1
PH0190,2026-08-07,324,3,16,3
PH0190,2026-08-14,323,13,16,5
PH0190,2026-08-21,302,16,14,5
PH0193,2026-06-05,193,3,13,2
PH0193,2026-06-12,181,8,14,3
PH0193,2026-06-19,196,8,10,3
PH0193,2026-06-26,207,9,9,0
PH0193,2026-07-03,196,11,7,2
PH0193,2026-07-10,197,10,10,2
PH0193,2026-07-17,193,3,7,3
PH0193,2026-07-24,195,5,7,0
PH0193,2026-07-31,192,7,11,2
PH0193,2026-08-07,203,4,11,1
PH0193,2026-08-14,198,9,9,0
PH0193,2026-08-21,222,4,10,1
PH0194,2026-06-05,516,22,21,11
PH0194,2026-06-12,527,18,38,5
PH0194,2026-06-19,534,22,31,7
PH0194,2026-06-26,539,13,20,3
PH0194,2026-07-03,572,14,24,6
PH0194,2026-07-10,492,15,31,4
PH0194,2026-07-17,573,16,27,4
PH0194,2026-07-24,551,14,29,2
PH0194,2026-07-31,560,13,19,2
PH0194,2026-08-07,563,19,26,6
PH0194,2026-08-14,488,20,27,7
PH0194,2026-08-21,497,12,18,2
PH0195,2026-06-05,394,13,30,4
PH0195,2026-06-12,413,16,20,2
PH0195,2026-06-19,433,13,22,2
PH0195,2026-06-26,408,9,19,3
PH0195,2026-07-03,394,14,17,4
PH0195,2026-07-10,359,12,14,4
PH0195,2026-07-17,438,11,22,4
PH0195,2026-07-24,406,7,20,1
PH0195,2026-07-31,395,14,17,5
PH0195,2026-08-07,478,11,20,2
PH0195,2026-08-14,451,20,13,9
PH0195,2026-08-21,466,15,12,2
PH0198,2026-06-05,419,18,15,5
PH0198,2026-06-12,431,17,23,7
PH0198,2026-06-19,421,9,36,2
PH0198,2026-06-26,403,9,18,3
PH0198,2026-07-03,439,13,23,4
PH0198,2026-07-10,356,12,26,4
PH0198,2026-07-17,456,23,21,9
PH0198,2026-07-24,444,11,21,3
PH0198,2026-07-31,438,24,24,8
PH0198,2026-08-07,431,13,26,5
PH0198,2026-08-14,450,17,15,7
PH0198,2026-08-21,440,14,19,1
PH0200,2026-06-05,1155,34,62,14
PH0200,2026-06-12,1154,29,51,7
PH0200,2026-06-19,1261,46,68,18
PH0200,2026-06-26,1201,37,58,15
PH0200,2026-07-03,1341,44,67,12
PH0200,2026-07-10,1214,26,54,3
PH0200,2026-07-17,1278,44,54,14
PH0200,2026-07-24,1185,37,55,10
PH0200,2026-07-31,1228,48,54,13
PH0200,2026-08-07,1231,39,61,10
PH0200,2026-08-14,1227,40,63,11
PH0200,2026-08-21,1231,42,50,9
PH0201,2026-06-05,404,13,22,5
PH0201,2026-06-12,403,10,17,2
PH0201,2026-06-19,368,7,16,5
PH0201,2026-06-26,362,21,11,3
PH0201,2026-07-03,352,13,20,7
PH0201,2026-07-10,416,9,18,1
PH0201,2026-07-17,371,7,13,4
PH0201,2026-07-24,369,19,17,6
PH0201,2026-07-31,365,7,18,0
PH0201,2026-08-07,365,15,8,2
PH0201,2026-08-14,375,17,14,4
PH0201,2026-08-21,395,15,18,3
PH0202,2026-06-05,490,21,24,7
PH0202,2026-06-12,544,13,27,1
PH0202,2026-06-19,502,19,20,3
PH0202,2026-06-26,552,17,22,2
PH0202,2026-07-03,511,17,31,3
PH0202,2026-07-10,554,10,23,2
PH0202,2026-07-17,519,13,19,6
PH0202,2026-07-24,516,11,11,4
PH0202,2026-07-31,560,20,16,8
PH0202,2026-08-07,491,13,18,2
PH0202,2026-08-14,445,20,27,5
PH0202,2026-08-21,546,16,27,5
PH0203,2026-06-05,187,4,11,1
PH0203,2026-06-12,198,5,2,3
PH0203,2026-06-19,190,10,7,3
PH0203,2026-06-26,185,6,10,1
PH0203,2026-07-03,196,6,10,1
PH0203,2026-07-10,176,1,7,0
PH0203,2026-07-17,183,4,13,1
PH0203,2026-07-24,189,9,14,3
PH0203,2026-07-31,168,3,6,0
PH0203,2026-08-07,190,5,5,1
PH0203,2026-08-14,183,8,9,4
PH0203,2026-08-21,184,6,13,2
PH0206,2026-06-05,949,21,53,9
PH0206,2026-06-12,964,35,46,10
PH0206,2026-06-19,969,35,44,12
PH0206,2026-06-26,1051,32,49,7
PH0206,2026-07-03,906,31,42,9
PH0206,2026-07-10,1003,33,37,12
PH0206,2026-07-17,996,33,46,6
PH0206,2026-07-24,951,23,45,7
PH0206,2026-07-31,955,35,40,10
PH0206,2026-08-07,1057,34,37,13
PH0206,2026-08-14,964,33,36,9
PH0206,2026-08-21,947,35,50,5
PH0208,2026-06-05,352,10,12,0
PH0208,2026-06-12,346,5,26,1
PH0208,2026-06-19,297,8,17,2
PH0208,2026-06-26,333,9,20,0
PH0208,2026-07-03,356,8,18,2
PH0208,2026-07-10,330,8,19,4
PH0208,2026-07-17,334,17,12,5
PH0208,2026-07-24,369,5,12,2
PH0208,2026-07-31,424,7,12,1
PH0208,2026-08-07,377,11,24,1
PH0208,2026-08-14,373,12,17,3
PH0208,2026-08-21,319,12,15,2
PH0209,2026-06-05,615,15,35,4
PH0209,2026-06-12,650,21,26,6
PH0209,2026-06-19,671,20,25,9
PH0209,2026-06-26,642,15,32,3
PH0209,2026-07-03,662,21,35,3
PH0209,2026-07-10,674,27,38,8
PH0209,2026-07-17,671,25,23,3
PH0209,2026-07-24,650,22,23,9
PH0209,2026-07-31,678,23,25,7
PH0209,2026-08-07,612,31,27,6
PH0209,2026-08-14,600,19,28,4
PH0209,2026-08-21,671,22,28,7
PH0210,2026-06-05,388,9,20,3
PH0210,2026-06-12,353,7,14,2
PH0210,2026-06-19,349,20,16,6
PH0210,2026-06-26,401,12,21,2
PH0210,2026-07-03,362,8,14,0
PH0210,2026-07-10,342,10,20,1
PH0210,2026-07-17,365,15,15,4
PH0210,2026-07-24,387,10,19,1
PH0210,2026-07-31,359,10,9,3
PH0210,2026-08-07,395,9,16,2
PH0210,2026-08-14,395,11,15,6
PH0210,2026-08-21,418,14,22,6
PH0213,2026-06-05,731,26,33,7
PH0213,2026-06-12,744,26,34,7
PH0213,2026-06-19,754,27,37,10
PH0213,2026-06-26,712,18,34,5
PH0213,2026-07-03,744,28,27,10
PH0213,2026-07-10,730,20,27,7
PH0213,2026-07-17,791,24,39,9
PH0213,2026-07-24,735,29,36,6
PH0213,2026-07-31,687,15,30,4
PH0213,2026-08-07,835,19,26,4
PH0213,2026-08-14,676,24,26,4
PH0213,2026-08-21,738,20,40,6
PH0215,2026-06-05,652,20,17,7
PH0215,2026-06-12,625,24,36,5
PH0215,2026-06-19,609,21,37,7
PH0215,2026-06-26,535,19,26,3
PH0215,2026-07-03,628,15,36,3
PH0215,2026-07-10,607,19,28,9
PH0215,2026-07-17,621,19,25,2
PH0215,2026-07-24,626,25,26,8
PH0215,2026-07-31,543,16,23,5
PH0215,2026-08-07,551,14,28,4
PH0215,2026-08-14,588,13,29,4
PH0215,2026-08-21,569,23,14,5
PH0217,2026-06-05,380,2,3,0
PH0217,2026-06-12,331,7,13,2
PH0217,2026-06-19,310,5,6,3
PH0217,2026-06-26,328,7,7,1
PH0217,2026-07-03,355,4,3,3
PH0217,2026-07-10,389,3,8,0
PH0217,2026-07-17,361,10,6,4
PH0217,2026-07-24,374,10,3,4
PH0217,2026-07-31,382,5,5,2
PH0217,2026-08-07,376,2,6,0
PH0217,2026-08-14,361,3,7,1
PH0217,2026-08-21,377,7,6,1
PH0219,2026-06-05,607,17,19,5
PH0219,2026-06-12,616,20,41,6
PH0219,2026-06-19,593,19,28,8
PH0219,2026-06-26,669,19,37,4
PH0219,2026-07-03,651,21,19,5
PH0219,2026-07-10,625,19,38,5
PH0219,2026-07-17,572,20,24,9
PH0219,2026-07-24,592,13,29,3
PH0219,2026-07-31,643,11,22,5
PH0219,2026-08-07,660,13,26,2
PH0219,2026-08-14,558,22,23,5
PH0219,2026-08-21,630,10,31,2
PH0220,2026-06-05,777,27,34,9
PH0220,2026-06-12,734,17,38,3
PH0220,2026-06-19,718,13,29,5
PH0220,2026-06-26,696,12,33,2
PH0220,2026-07-03,756,22,30,6
PH0220,2026-07-10,702,21,39,3
PH0220,2026-07-17,758,18,45,3
PH0220,2026-07-24,755,20,42,7
PH0220,2026-07-31,693,25,45,9
PH0220,2026-08-07,763,16,38,6
PH0220,2026-08-14,790,26,42,3
PH0220,2026-08-21,842,12,42,2
PH0222,2026-06-05,560,20,26,5
PH0222,2026-06-12,529,11,27,3
PH0222,2026-06-19,545,16,20,7
PH0222,2026-06-26,578,18,29,6
PH0222,2026-07-03,529,19,32,8
PH0222,2026-07-10,551,16,31,2
PH0222,2026-07-17,547,16,30,4
PH0222,2026-07-24,534,15,25,5
PH0222,2026-07-31,559,7,23,3
PH0222,2026-08-07,602,29,24,11
PH0222,2026-08-14,546,11,32,3
PH0222,2026-08-21,535,10,23,2
PH0224,2026-06-05,209,2,9,1
PH0224,2026-06-12,209,4,8,2
PH0224,2026-06-19,196,6,12,1
PH0224,2026-06-26,191,3,8,1
PH0224,2026-07-03,215,5,10,1
PH0224,2026-07-10,201,8,6,3
PH0224,2026-07-17,235,5,12,1
PH0224,2026-07-24,206,7,9,3
PH0224,2026-07-31,221,10,7,2
PH0224,2026-08-07,214,5,11,1
PH0224,2026-08-14,202,4,9,2
PH0224,2026-08-21,226,7,9,4
PH0225,2026-06-05,1414,40,74,8
PH0225,2026-06-12,1413,44,63,17
PH0225,2026-06-19,1343,41,72,11
PH0225,2026-06-26,1383,28,60,7
PH0225,2026-07-03,1372,41,79,10
PH0225,2026-07-10,1427,40,71,10
PH0225,2026-07-17,1384,34,66,12
PH0225,2026-07-24,1427,46,65,16
PH0225,2026-07-31,1485,29,55,10
PH0225,2026-08-07,1508,50,71,14
PH0225,2026-08-14,1476,19,69,3
PH0225,2026-08-21,1475,50,51,18
PH0226,2026-06-05,589,15,26,2
PH0226,2026-06-12,616,11,31,4
PH0226,2026-06-19,569,18,19,8
PH0226,2026-06-26,576,12,18,7
PH0226,2026-07-03,521,14,30,4
PH0226,2026-07-10,561,16,38,6
PH0226,2026-07-17,512,7,41,2
PH0226,2026-07-24,573,10,24,2
PH0226,2026-07-31,611,13,25,5
PH0226,2026-08-07,546,9,30,4
PH0226,2026-08-14,565,16,31,5
PH0226,2026-08-21,521,22,24,6
PH0228,2026-06-05,169,4,8,2
PH0228,2026-06-12,159,2,6,2
PH0228,2026-06-19,165,4,6,1
PH0228,2026-06-26,162,3,5,0
PH0228,2026-07-03,161,3,12,0
PH0228,2026-07-10,162,5,4,2
PH0228,2026-07-17,174,6,5,2
PH0228,2026-07-24,164,6,5,2
PH0228,2026-07-31,150,2,5,0
PH0228,2026-08-07,148,9,9,3
PH0228,2026-08-14,153,6,8,1
PH0228,2026-08-21,167,10,9,1
PH0229,2026-06-05,455,15,23,5
PH0229,2026-06-12,427,4,23,1
PH0229,2026-06-19,422,7,16,2
PH0229,2026-06-26,424,9,20,3
PH0229,2026-07-03,420,11,26,3
PH0229,2026-07-10,411,9,21,1
PH0229,2026-07-17,385,8,25,3
PH0229,2026-07-24,398,13,16,4
PH0229,2026-07-31,391,13,15,5
PH0229,2026-08-07,399,8,18,4
PH0229,2026-08-14,414,11,22,3
PH0229,2026-08-21,413,15,18,3
PH0231,2026-06-05,398,7,13,0
PH0231,2026-06-12,423,11,18,2
PH0231,2026-06-19,427,10,20,1
PH0231,2026-06-26,441,14,22,8
PH0231,2026-07-03,421,7,18,1
PH0231,2026-07-10,415,8,23,4
PH0231,2026-07-17,417,9,23,2
PH0231,2026-07-24,406,15,29,3
PH0231,2026-07-31,376,15,20,2
PH0231,2026-08-07,376,10,19,1
PH0231,2026-08-14,396,15,24,6
PH0231,2026-08-21,420,14,16,4
PH0232,2026-06-05,247,3,16,2
PH0232,2026-06-12,292,9,14,3
PH0232,2026-06-19,274,5,11,2
PH0232,2026-06-26,302,5,8,1
PH0232,2026-07-03,266,3,15,0
PH0232,2026-07-10,317,12,18,1
PH0232,2026-07-17,276,5,9,1
PH0232,2026-07-24,262,11,12,6
PH0232,2026-07-31,268,5,12,0
PH0232,2026-08-07,266,13,20,1
PH0232,2026-08-14,272,10,11,6
PH0232,2026-08-21,256,3,16,0
PH0233,2026-06-05,613,24,31,12
PH0233,2026-06-12,592,28,33,6
PH0233,2026-06-19,616,17,25,4
PH0233,2026-06-26,543,14,23,2
PH0233,2026-07-03,655,11,24,2
PH0233,2026-07-10,610,15,40,3
PH0233,2026-07-17,636,19,29,5
PH0233,2026-07-24,611,15,28,3
PH0233,2026-07-31,612,12,39,6
PH0233,2026-08-07,661,15,24,4
PH0233,2026-08-14,574,15,17,5
PH0233,2026-08-21,640,16,22,3
PH0235,2026-06-05,558,16,29,6
PH0235,2026-06-12,591,22,27,8
PH0235,2026-06-19,682,16,34,9
PH0235,2026-06-26,657,15,30,5
PH0235,2026-07-03,597,12,37,3
PH0235,2026-07-10,669,24,27,11
PH0235,2026-07-17,625,12,22,4
PH0235,2026-07-24,613,14,34,5
PH0235,2026-07-31,577,20,25,7
PH0235,2026-08-07,653,14,32,3
PH0235,2026-08-14,676,19,24,6
PH0235,2026-08-21,633,23,28,7
PH0237,2026-06-05,401,13,18,4
PH0237,2026-06-12,418,5,31,1
PH0237,2026-06-19,426,9,24,2
PH0237,2026-06-26,428,15,23,4
PH0237,2026-07-03,446,12,12,7
PH0237,2026-07-10,402,9,28,2
PH0237,2026-07-17,463,13,20,5
PH0237,2026-07-24,469,14,20,2
PH0237,2026-07-31,430,15,20,2
PH0237,2026-08-07,445,15,21,7
PH0237,2026-08-14,429,16,19,6
PH0237,2026-08-21,471,7,19,0
PH0238,2026-06-05,1312,26,54,6
PH0238,2026-06-12,1442,30,66,13
PH0238,2026-06-19,1346,32,62,11
PH0238,2026-06-26,1456,42,60,12
PH0238,2026-07-03,1276,39,61,11
PH0238,2026-07-10,1205,41,45,13
PH0238,2026-07-17,1184,44,72,17
PH0238,2026-07-24,1379,46,81,11
PH0238,2026-07-31,1347,32,65,9
PH0238,2026-08-07,1430,33,53,9
PH0238,2026-08-14,1269,36,69,6
PH0238,2026-08-21,1186,50,62,16
PH0239,2026-06-05,734,18,43,7
PH0239,2026-06-12,757,16,39,7
PH0239,2026-06-19,702,14,36,1
PH0239,2026-06-26,803,18,45,2
PH0239,2026-07-03,727,26,28,8
PH0239,2026-07-10,766,21,40,11
PH0239,2026-07-17,777,13,40,2
PH0239,2026-07-24,765,19,34,3
PH0239,2026-07-31,770,18,29,7
PH0239,2026-08-07,812,13,35,5
PH0239,2026-08-14,722,18,33,4
PH0239,2026-08-21,706,19,24,2
PH0241,2026-06-05,645,17,30,8
PH0241,2026-06-12,585,23,39,7
PH0241,2026-06-19,700,11,24,3
PH0241,2026-06-26,684,18,29,4
PH0241,2026-07-03,670,19,39,5
PH0241,2026-07-10,705,20,30,6
PH0241,2026-07-17,669,23,36,6
PH0241,2026-07-24,673,17,25,5
PH0241,2026-07-31,638,11,30,2
PH0241,2026-08-07,647,27,37,7
PH0241,2026-08-14,672,16,31,3
PH0241,2026-08-21,683,28,20,10
PH0242,2026-06-05,807,17,39,5
PH0242,2026-06-12,795,23,28,8
PH0242,2026-06-19,896,16,49,2
PH0242,2026-06-26,810,19,54,5
PH0242,2026-07-03,845,18,42,9
PH0242,2026-07-10,922,25,47,7
PH0242,2026-07-17,927,21,41,5
PH0242,2026-07-24,845,22,44,5
PH0242,2026-07-31,772,28,30,5
PH0242,2026-08-07,898,28,42,11
PH0242,2026-08-14,819,21,40,7
PH0242,2026-08-21,870,26,41,7
PH0243,2026-06-05,395,11,24,3
PH0243,2026-06-12,451,18,27,6
PH0243,2026-06-19,353,12,18,3
PH0243,2026-06-26,391,9,22,2
PH0243,2026-07-03,412,11,15,4
PH0243,2026-07-10,354,16,21,5
PH0243,2026-07-17,376,14,19,2
PH0243,2026-07-24,412,14,19,4
PH0243,2026-07-31,403,15,18,3
PH0243,2026-08-07,367,14,10,2
PH0243,2026-08-14,384,13,18,3
PH0243,2026-08-21,433,9,23,4
PH0244,2026-06-05,383,9,15,0
PH0244,2026-06-12,405,11,18,3
PH0244,2026-06-19,379,10,14,5
PH0244,2026-06-26,391,15,18,1
PH0244,2026-07-03,356,11,20,2
PH0244,2026-07-10,401,11,14,2
PH0244,2026-07-17,391,17,10,3
PH0244,2026-07-24,401,13,21,6
PH0244,2026-07-31,377,13,15,3
PH0244,2026-08-07,395,12,15,4
PH0244,2026-08-14,422,12,21,1
PH0244,2026-08-21,387,10,20,2
PH0249,2026-06-05,1271,38,49,12
PH0249,2026-06-12,1347,34,57,8
PH0249,2026-06-19,1361,27,68,4
PH0249,2026-06-26,1237,25,59,6
PH0249,2026-07-03,1445,36,67,11
PH0249,2026-07-10,1293,30,79,8
PH0249,2026-07-17,1169,37,60,12
PH0249,2026-07-24,1298,40,65,12
PH0249,2026-07-31,1241,28,48,9
PH0249,2026-08-07,1238,39,69,6
PH0249,2026-08-14,1278,36,69,11
PH0249,2026-08-21,1281,48,60,14
PH0252,2026-06-05,68,2,11,1
PH0252,2026-06-12,73,1,4,1
PH0252,2026-06-19,69,0,1,0
PH0252,2026-06-26,72,0,4,0
PH0252,2026-07-03,74,2,5,0
PH0252,2026-07-10,76,1,2,0
PH0252,2026-07-17,66,2,3,2
PH0252,2026-07-24,74,3,6,0
PH0252,2026-07-31,69,4,6,0
PH0252,2026-08-07,70,5,5,2
PH0252,2026-08-14,70,1,6,1
PH0252,2026-08-21,66,5,1,1
PH0253,2026-06-05,64,0,7,0
PH0253,2026-06-12,64,5,7,3
PH0253,2026-06-19,68,1,8,0
PH0253,2026-06-26,67,3,2,0
PH0253,2026-07-03,67,1,3,0
PH0253,2026-07-10,73,0,6,0
PH0253,2026-07-17,64,1,3,1
PH0253,2026-07-24,64,1,3,1
PH0253,2026-07-31,72,1,5,0
PH0253,2026-08-07,68,5,5,2
PH0253,2026-08-14,76,3,2,1
PH0253,2026-08-21,74,3,1,0
PH0254,2026-06-05,1095,21,62,8
PH0254,2026-06-12,1076,23,41,4
PH0254,2026-06-19,1019,29,45,11
PH0254,2026-06-26,1014,22,48,4
PH0254,2026-07-03,1145,23,48,3
PH0254,2026-07-10,1010,31,62,10
PH0254,2026-07-17,1060,26,44,13
PH0254,2026-07-24,1030,27,44,6
PH0254,2026-07-31,1080,27,43,6
PH0254,2026-08-07,1139,17,50,1
PH0254,2026-08-14,1007,31,56,11
PH0254,2026-08-21,1014,29,49,11
PH0255,2026-06-05,355,12,15,4
PH0255,2026-06-12,376,13,19,3
PH0255,2026-06-19,319,5,20,2
PH0255,2026-06-26,334,10,16,2
PH0255,2026-07-03,336,7,8,1
PH0255,2026-07-10,336,9,25,3
PH0255,2026-07-17,344,9,12,1
PH0255,2026-07-24,333,14,13,3
PH0255,2026-07-31,329,9,15,3
PH0255,2026-08-07,293,6,14,1
PH0255,2026-08-14,305,8,12,5
PH0255,2026-08-21,337,10,16,4
PH0256,2026-06-05,1131,38,59,14
PH0256,2026-06-12,1091,20,44,4
PH0256,2026-06-19,1057,37,54,14
PH0256,2026-06-26,1159,30,41,7
PH0256,2026-07-03,1074,31,46,6
PH0256,2026-07-10,1094,29,54,8
PH0256,2026-07-17,1030,30,59,8
PH0256,2026-07-24,1140,25,36,7
PH0256,2026-07-31,1116,32,53,8
PH0256,2026-08-07,1146,29,46,7
PH0256,2026-08-14,1052,26,48,11
PH0256,2026-08-21,1103,26,57,6
PH0263,2026-06-05,185,1,16,0
PH0263,2026-06-12,183,5,7,4
PH0263,2026-06-19,196,6,9,3
PH0263,2026-06-26,200,4,12,3
PH0263,2026-07-03,193,6,11,0
PH0263,2026-07-10,199,5,3,1
PH0263,2026-07-17,192,10,8,1
PH0263,2026-07-24,197,5,13,1
PH0263,2026-07-31,193,5,17,0
PH0263,2026-08-07,190,3,4,3
PH0263,2026-08-14,207,9,14,2
PH0263,2026-08-21,207,5,9,2
PH0264,2026-06-05,273,12,11,3
PH0264,2026-06-12,276,7,17,3
PH0264,2026-06-19,247,11,12,2
PH0264,2026-06-26,277,7,8,2
PH0264,2026-07-03,279,3,11,1
PH0264,2026-07-10,289,4,22,1
PH0264,2026-07-17,280,7,12,3
PH0264,2026-07-24,276,12,10,1
PH0264,2026-07-31,251,7,8,2
PH0264,2026-08-07,274,6,15,1
PH0264,2026-08-14,255,14,10,6
PH0264,2026-08-21,259,9,12,4
PH0267,2026-06-05,441,17,21,4
PH0267,2026-06-12,443,11,18,4
PH0267,2026-06-19,462,18,25,8
PH0267,2026-06-26,451,8,20,3
PH0267,2026-07-03,411,12,29,2
PH0267,2026-07-10,434,7,24,3
PH0267,2026-07-17,403,10,21,3
PH0267,2026-07-24,463,9,27,3
PH0267,2026-07-31,402,14,29,4
PH0267,2026-08-07,423,8,18,3
PH0267,2026-08-14,452,14,17,4
PH0267,2026-08-21,406,19,17,7
PH0268,2026-06-05,97,1,6,1
PH0268,2026-06-12,100,2,5,0
PH0268,2026-06-19,99,2,8,0
PH0268,2026-06-26,99,3,6,0
PH0268,2026-07-03,100,2,4,0
PH0268,2026-07-10,92,0,6,0
PH0268,2026-07-17,96,4,2,0
PH0268,2026-07-24,103,5,1,0
PH0268,2026-07-31,99,3,3,1
PH0268,2026-08-07,104,4,9,0
PH0268,2026-08-14,97,0,1,0
PH0268,2026-08-21,106,2,1,1
PH0272,2026-06-05,313,5,4,1
PH0272,2026-06-12,303,4,10,2
PH0272,2026-06-19,360,9,7,4
PH0272,2026-06-26,311,1,7,0
PH0272,2026-07-03,328,3,7,0
PH0272,2026-07-10,344,4,9,1
PH0272,2026-07-17,352,6,5,1
PH0272,2026-07-24,319,3,8,0
PH0272,2026-07-31,317,2,6,1
PH0272,2026-08-07,339,5,6,2
PH0272,2026-08-14,311,3,4,0
PH0272,2026-08-21,355,2,2,2
PH0273,2026-06-05,714,25,31,5
PH0273,2026-06-12,689,17,32,4
PH0273,2026-06-19,749,24,33,2
PH0273,2026-06-26,741,29,33,12
PH0273,2026-07-03,704,21,31,4
PH0273,2026-07-10,747,28,29,5
PH0273,2026-07-17,769,27,54,10
PH0273,2026-07-24,741,19,37,8
PH0273,2026-07-31,726,26,38,7
PH0273,2026-08-07,730,27,31,11
PH0273,2026-08-14,742,31,21,8
PH0273,2026-08-21,642,26,31,4
PH0275,2026-06-05,189,6,10,3
PH0275,2026-06-12,199,5,5,1
PH0275,2026-06-19,196,8,7,3
PH0275,2026-06-26,172,5,14,0
PH0275,2026-07-03,177,5,6,1
PH0275,2026-07-10,170,6,15,2
PH0275,2026-07-17,187,4,6,2
PH0275,2026-07-24,190,3,12,2
PH0275,2026-07-31,172,2,9,2
PH0275,2026-08-07,174,9,6,2
PH0275,2026-08-14,194,7,5,1
PH0275,2026-08-21,181,10,12,0
PH0276,2026-06-05,713,39,28,13
PH0276,2026-06-12,716,16,29,3
PH0276,2026-06-19,728,30,34,7
PH0276,2026-06-26,715,28,34,7
PH0276,2026-07-03,670,25,33,9
PH0276,2026-07-10,755,18,40,3
PH0276,2026-07-17,779,22,28,7
PH0276,2026-07-24,693,21,29,4
PH0276,2026-07-31,804,34,27,10
PH0276,2026-08-07,653,30,34,10
PH0276,2026-08-14,690,23,36,6
PH0276,2026-08-21,682,19,26,4
PH0277,2026-06-05,388,9,27,5
PH0277,2026-06-12,394,12,18,5
PH0277,2026-06-19,401,15,17,4
PH0277,2026-06-26,395,7,23,3
PH0277,2026-07-03,379,6,21,2
PH0277,2026-07-10,368,9,17,1
PH0277,2026-07-17,319,12,21,4
PH0277,2026-07-24,409,13,14,5
PH0277,2026-07-31,441,12,17,6
PH0277,2026-08-07,415,11,16,2
PH0277,2026-08-14,405,14,14,3
PH0277,2026-08-21,372,17,13,7
PH0283,2026-06-05,411,14,18,2
PH0283,2026-06-12,372,13,25,5
PH0283,2026-06-19,414,17,17,4
PH0283,2026-06-26,412,14,19,1
PH0283,2026-07-03,439,16,18,4
PH0283,2026-07-10,389,10,15,2
PH0283,2026-07-17,383,9,14,1
PH0283,2026-07-24,404,12,11,1
PH0283,2026-07-31,349,20,22,3
PH0283,2026-08-07,397,7,17,2
PH0283,2026-08-14,428,8,18,3
PH0283,2026-08-21,414,16,19,4
PH0284,2026-06-05,1478,40,76,12
PH0284,2026-06-12,1464,39,62,8
PH0284,2026-06-19,1406,47,63,16
PH0284,2026-06-26,1452,50,69,13
PH0284,2026-07-03,1414,39,53,10
PH0284,2026-07-10,1262,44,55,12
PH0284,2026-07-17,1467,55,54,11
PH0284,2026-07-24,1447,53,65,13
PH0284,2026-07-31,1281,55,73,21
PH0284,2026-08-07,1320,44,72,11
PH0284,2026-08-14,1404,51,55,17
PH0284,2026-08-21,1235,50,53,13
PH0285,2026-06-05,205,10,13,2
PH0285,2026-06-12,220,9,14,2
PH0285,2026-06-19,242,6,17,1
PH0285,2026-06-26,247,3,12,0
PH0285,2026-07-03,230,10,13,2
PH0285,2026-07-10,209,17,16,6
PH0285,2026-07-17,221,6,9,1
PH0285,2026-07-24,218,7,5,2
PH0285,2026-07-31,201,9,10,1
PH0285,2026-08-07,254,5,18,1
PH0285,2026-08-14,217,9,8,4
PH0285,2026-08-21,234,8,6,4
PH0286,2026-06-05,290,5,7,1
PH0286,2026-06-12,279,9,15,4
PH0286,2026-06-19,277,13,7,2
PH0286,2026-06-26,271,7,9,1
PH0286,2026-07-03,274,7,15,1
PH0286,2026-07-10,264,10,14,4
PH0286,2026-07-17,267,9,16,3
PH0286,2026-07-24,292,7,17,2
PH0286,2026-07-31,276,9,13,2
PH0286,2026-08-07,283,15,10,3
PH0286,2026-08-14,284,9,9,1
PH0286,2026-08-21,246,9,12,2
PH0288,2026-06-05,886,18,38,7
PH0288,2026-06-12,851,19,36,6
PH0288,2026-06-19,922,31,36,6
PH0288,2026-06-26,993,26,44,7
PH0288,2026-07-03,837,31,36,3
PH0288,2026-07-10,878,19,38,4
PH0288,2026-07-17,806,26,35,6
PH0288,2026-07-24,837,31,43,9
PH0288,2026-07-31,803,30,32,11
PH0288,2026-08-07,801,35,33,7
PH0288,2026-08-14,917,25,43,6
PH0288,2026-08-21,907,43,37,17
PH0289,2026-06-05,594,23,30,3
PH0289,2026-06-12,534,24,30,8
PH0289,2026-06-19,560,16,25,5
PH0289,2026-06-26,611,22,37,6
PH0289,2026-07-03,551,15,24,4
PH0289,2026-07-10,590,29,22,11
PH0289,2026-07-17,572,20,35,8
PH0289,2026-07-24,554,25,31,9
PH0289,2026-07-31,652,16,31,3
PH0289,2026-08-07,558,24,24,7
PH0289,2026-08-14,590,22,23,6
PH0289,2026-08-21,617,18,20,2
PH0290,2026-06-05,393,12,16,3
PH0290,2026-06-12,344,15,16,8
PH0290,2026-06-19,420,16,18,3
PH0290,2026-06-26,369,13,16,1
PH0290,2026-07-03,401,20,19,4
PH0290,2026-07-10,375,14,22,6
PH0290,2026-07-17,380,14,19,4
PH0290,2026-07-24,379,11,14,3
PH0290,2026-07-31,395,8,21,3
PH0290,2026-08-07,381,12,19,5
PH0290,2026-08-14,409,11,18,2
PH0290,2026-08-21,398,16,15,7
PH0292,2026-06-05,948,31,41,9
PH0292,2026-06-12,932,25,50,11
PH0292,2026-06-19,1029,41,49,16
PH0292,2026-06-26,1055,35,46,9
PH0292,2026-07-03,941,32,50,7
PH0292,2026-07-10,884,47,38,14
PH0292,2026-07-17,1007,44,48,7
PH0292,2026-07-24,1050,37,56,13
PH0292,2026-07-31,918,37,50,11
PH0292,2026-08-07,991,33,49,12
PH0292,2026-08-14,1041,33,39,9
PH0292,2026-08-21,955,40,46,15
PH0294,2026-06-05,1125,33,47,11
PH0294,2026-06-12,1181,29,64,5
PH0294,2026-06-19,1185,39,56,7
PH0294,2026-06-26,1129,35,57,10
PH0294,2026-07-03,1216,43,59,14
PH0294,2026-07-10,1125,28,53,6
PH0294,2026-07-17,1189,35,52,5
PH0294,2026-07-24,1060,32,55,8
PH0294,2026-07-31,1197,35,58,12
PH0294,2026-08-07,1098,41,58,8
PH0294,2026-08-14,1207,49,52,14
PH0294,2026-08-21,1096,35,62,5
PH0296,2026-06-05,344,11,16,1
PH0296,2026-06-12,307,12,18,5
PH0296,2026-06-19,357,13,21,2
PH0296,2026-06-26,327,9,18,2
PH0296,2026-07-03,318,13,15,4
PH0296,2026-07-10,322,19,13,6
PH0296,2026-07-17,335,9,24,2
PH0296,2026-07-24,347,14,10,2
PH0296,2026-07-31,324,10,15,3
PH0296,2026-08-07,368,8,12,3
PH0296,2026-08-14,322,11,26,2
PH0296,2026-08-21,343,11,13,3
PH0297,2026-06-05,756,13,41,2
PH0297,2026-06-12,765,25,34,5
PH0297,2026-06-19,650,21,33,6
PH0297,2026-06-26,688,24,25,9
PH0297,2026-07-03,764,20,37,5
PH0297,2026-07-10,748,22,25,3
PH0297,2026-07-17,779,15,44,4
PH0297,2026-07-24,666,29,19,8
PH0297,2026-07-31,716,17,29,5
PH0297,2026-08-07,677,25,35,6
PH0297,2026-08-14,687,28,41,8
PH0297,2026-08-21,727,18,43,4
PH0298,2026-06-05,384,11,13,3
PH0298,2026-06-12,396,9,24,2
PH0298,2026-06-19,356,13,20,2
PH0298,2026-06-26,389,9,21,3
PH0298,2026-07-03,364,12,15,4
PH0298,2026-07-10,375,9,22,3
PH0298,2026-07-17,365,18,11,4
PH0298,2026-07-24,387,16,9,3
PH0298,2026-07-31,384,13,18,4
PH0298,2026-08-07,389,12,19,6
PH0298,2026-08-14,386,12,25,3
PH0298,2026-08-21,438,15,15,3
PH0299,2026-06-05,423,10,22,3
PH0299,2026-06-12,434,9,25,3
PH0299,2026-06-19,481,15,17,3
PH0299,2026-06-26,448,19,18,6
PH0299,2026-07-03,438,9,23,2
PH0299,2026-07-10,406,15,25,2
PH0299,2026-07-17,471,13,25,1
PH0299,2026-07-24,386,20,20,7
PH0299,2026-07-31,438,20,11,6
PH0299,2026-08-07,466,10,19,2
PH0299,2026-08-14,390,20,9,4
PH0299,2026-08-21,426,15,21,8
PH0300,2026-06-05,251,7,13,0
PH0300,2026-06-12,242,6,14,1
PH0300,2026-06-19,246,9,14,2
PH0300,2026-06-26,244,6,12,2
PH0300,2026-07-03,244,11,17,5
PH0300,2026-07-10,267,11,17,4
PH0300,2026-07-17,236,7,14,5
PH0300,2026-07-24,276,4,10,1
PH0300,2026-07-31,245,12,14,4
PH0300,2026-08-07,232,4,14,1
PH0300,2026-08-14,259,7,15,1
PH0300,2026-08-21,269,12,9,0
PH0301,2026-06-05,692,13,37,4
PH0301,2026-06-12,686,25,26,8
PH0301,2026-06-19,678,20,38,5
PH0301,2026-06-26,626,14,33,4
PH0301,2026-07-03,652,17,33,4
PH0301,2026-07-10,632,16,24,3
PH0301,2026-07-17,685,16,23,6
PH0301,2026-07-24,621,22,30,6
PH0301,2026-07-31,688,23,30,5
PH0301,2026-08-07,629,29,18,6
PH0301,2026-08-14,653,25,23,6
PH0301,2026-08-21,661,24,22,6
PH0302,2026-06-05,310,6,15,4
PH0302,2026-06-12,315,9,13,3
PH0302,2026-06-19,318,13,23,2
PH0302,2026-06-26,302,11,12,2
PH0302,2026-07-03,327,20,15,7
PH0302,2026-07-10,269,11,11,2
PH0302,2026-07-17,281,13,11,2
PH0302,2026-07-24,296,4,12,1
PH0302,2026-07-31,301,12,19,4
PH0302,2026-08-07,305,3,18,0
PH0302,2026-08-14,295,7,10,1
PH0302,2026-08-21,264,7,11,1
PH0303,2026-06-05,67,2,5,0
PH0303,2026-06-12,59,2,2,1
PH0303,2026-06-19,59,3,3,1
PH0303,2026-06-26,65,4,3,2
PH0303,2026-07-03,64,0,4,0
PH0303,2026-07-10,59,1,7,0
PH0303,2026-07-17,59,4,4,0
PH0303,2026-07-24,66,0,4,0
PH0303,2026-07-31,65,1,3,1
PH0303,2026-08-07,53,1,4,0
PH0303,2026-08-14,67,0,5,0
PH0303,2026-08-21,57,3,3,0
PH0306,2026-06-05,349,10,15,1
PH0306,2026-06-12,362,11,23,4
PH0306,2026-06-19,325,9,20,3
PH0306,2026-06-26,375,8,20,2
PH0306,2026-07-03,337,17,15,2
PH0306,2026-07-10,378,6,18,0
PH0306,2026-07-17,357,9,11,5
PH0306,2026-07-24,369,12,21,5
PH0306,2026-07-31,356,18,27,9
PH0306,2026-08-07,360,9,10,3
PH0306,2026-08-14,353,15,13,4
PH0306,2026-08-21,358,15,23,5
PH0307,2026-06-05,132,8,2,2
PH0307,2026-06-12,113,5,1,1
PH0307,2026-06-19,123,7,5,1
PH0307,2026-06-26,121,5,10,1
PH0307,2026-07-03,125,3,3,0
PH0307,2026-07-10,116,2,11,0
PH0307,2026-07-17,127,6,8,2
PH0307,2026-07-24,135,6,3,2
PH0307,2026-07-31,129,8,4,1
PH0307,2026-08-07,127,4,7,1
PH0307,2026-08-14,127,3,4,1
PH0307,2026-08-21,136,4,5,1
PH0308,2026-06-05,242,9,15,3
PH0308,2026-06-12,282,6,15,3
PH0308,2026-06-19,254,4,17,1
PH0308,2026-06-26,247,6,16,3
PH0308,2026-07-03,251,13,12,2
PH0308,2026-07-10,270,15,13,3
PH0308,2026-07-17,257,8,16,3
PH0308,2026-07-24,267,5,7,1
PH0308,2026-07-31,242,10,6,2
PH0308,2026-08-07,268,13,15,8
PH0308,2026-08-14,271,8,13,2
PH0308,2026-08-21,264,6,14,2
PH0309,2026-06-05,867,27,39,7
PH0309,2026-06-12,818,34,43,11
PH0309,2026-06-19,812,23,41,11
PH0309,2026-06-26,769,32,32,11
PH0309,2026-07-03,876,28,34,8
PH0309,2026-07-10,812,30,20,4
PH0309,2026-07-17,823,20,36,5
PH0309,2026-07-24,880,35,43,7
PH0309,2026-07-31,832,29,40,6
PH0309,2026-08-07,868,20,44,5
PH0309,2026-08-14,881,31,33,11
PH0309,2026-08-21,874,33,30,8
PH0310,2026-06-05,760,12,32,3
PH0310,2026-06-12,692,25,31,3
PH0310,2026-06-19,665,21,42,3
PH0310,2026-06-26,686,19,41,6
PH0310,2026-07-03,778,25,31,8
PH0310,2026-07-10,739,28,40,10
PH0310,2026-07-17,717,21,41,6
PH0310,2026-07-24,755,25,30,8
PH0310,2026-07-31,777,20,36,8
PH0310,2026-08-07,804,36,24,6
PH0310,2026-08-14,713,37,33,8
PH0310,2026-08-21,704,30,34,10
PH0311,2026-06-05,296,8,13,2
PH0311,2026-06-12,298,8,13,1
PH0311,2026-06-19,305,12,14,4
PH0311,2026-06-26,297,9,18,3
PH0311,2026-07-03,296,8,8,1
PH0311,2026-07-10,278,15,20,2
PH0311,2026-07-17,294,11,19,4
PH0311,2026-07-24,316,9,11,4
PH0311,2026-07-31,303,13,14,6
PH0311,2026-08-07,293,15,17,2
PH0311,2026-08-14,293,9,11,1
PH0311,2026-08-21,281,13,15,1
PH0312,2026-06-05,626,11,30,5
PH0312,2026-06-12,566,26,22,11
PH0312,2026-06-19,580,12,30,5
PH0312,2026-06-26,551,16,18,3
PH0312,2026-07-03,545,15,22,5
PH0312,2026-07-10,538,17,34,4
PH0312,2026-07-17,550,23,22,1
PH0312,2026-07-24,568,18,32,4
PH0312,2026-07-31,567,22,31,5
PH0312,2026-08-07,569,31,22,10
PH0312,2026-08-14,530,16,29,6
PH0312,2026-08-21,567,14,32,7
PH0314,2026-06-05,699,21,36,5
PH0314,2026-06-12,705,21,34,3
PH0314,2026-06-19,675,23,33,6
PH0314,2026-06-26,735,15,43,7
PH0314,2026-07-03,634,17,34,5
PH0314,2026-07-10,774,23,29,7
PH0314,2026-07-17,702,27,28,11
PH0314,2026-07-24,766,28,28,7
PH0314,2026-07-31,746,27,38,9
PH0314,2026-08-07,627,24,48,5
PH0314,2026-08-14,781,24,42,8
PH0314,2026-08-21,688,23,28,6
PH0316,2026-06-05,616,9,31,2
PH0316,2026-06-12,570,14,34,3
PH0316,2026-06-19,564,21,33,1
PH0316,2026-06-26,632,24,18,7
PH0316,2026-07-03,545,25,20,7
PH0316,2026-07-10,638,16,24,2
PH0316,2026-07-17,621,23,29,6
PH0316,2026-07-24,621,21,17,5
PH0316,2026-07-31,609,20,25,6
PH0316,2026-08-07,527,24,29,6
PH0316,2026-08-14,555,21,25,4
PH0316,2026-08-21,578,20,33,6
PH0321,2026-06-05,185,6,10,2
PH0321,2026-06-12,159,4,11,1
PH0321,2026-06-19,178,2,11,2
PH0321,2026-06-26,156,6,6,4
PH0321,2026-07-03,170,6,3,0
PH0321,2026-07-10,186,8,10,2
PH0321,2026-07-17,190,8,10,3
PH0321,2026-07-24,196,9,6,2
PH0321,2026-07-31,168,4,5,0
PH0321,2026-08-07,173,2,10,0
PH0321,2026-08-14,178,6,9,1
PH0321,2026-08-21,197,2,5,1
PH0322,2026-06-05,720,25,42,7
PH0322,2026-06-12,785,30,26,12
PH0322,2026-06-19,737,24,31,5
PH0322,2026-06-26,769,22,38,4
PH0322,2026-07-03,715,23,38,9
PH0322,2026-07-10,851,34,35,5
PH0322,2026-07-17,692,18,28,4
PH0322,2026-07-24,825,19,26,6
PH0322,2026-07-31,664,25,35,10
PH0322,2026-08-07,781,23,36,4
PH0322,2026-08-14,648,19,32,2
PH0322,2026-08-21,720,29,41,10
PH0323,2026-06-05,177,6,3,2
PH0323,2026-06-12,183,8,11,5
PH0323,2026-06-19,184,5,10,1
PH0323,2026-06-26,205,7,9,0
PH0323,2026-07-03,184,7,9,4
PH0323,2026-07-10,190,6,9,1
PH0323,2026-07-17,168,5,9,1
PH0323,2026-07-24,180,3,10,0
PH0323,2026-07-31,180,8,10,6
PH0323,2026-08-07,171,4,11,2
PH0323,2026-08-14,201,11,8,3
PH0323,2026-08-21,188,6,12,3
PH0325,2026-06-05,704,23,35,5
PH0325,2026-06-12,644,22,37,4
PH0325,2026-06-19,630,23,27,6
PH0325,2026-06-26,711,13,33,5
PH0325,2026-07-03,659,24,33,4
PH0325,2026-07-10,688,24,34,9
PH0325,2026-07-17,751,22,32,7
PH0325,2026-07-24,653,29,36,7
PH0325,2026-07-31,683,27,24,7
PH0325,2026-08-07,657,27,33,10
PH0325,2026-08-14,717,25,34,12
PH0325,2026-08-21,595,32,24,8
PH0327,2026-06-05,438,8,12,1
PH0327,2026-06-12,407,8,7,2
PH0327,2026-06-19,459,1,11,0
PH0327,2026-06-26,466,8,3,1
PH0327,2026-07-03,431,2,8,1
PH0327,2026-07-10,453,5,10,2
PH0327,2026-07-17,429,2,8,0
PH0327,2026-07-24,442,5,10,1
PH0327,2026-07-31,406,3,7,1
PH0327,2026-08-07,459,3,5,1
PH0327,2026-08-14,431,3,5,1
PH0327,2026-08-21,402,4,9,3
PH0328,2026-06-05,850,37,50,11
PH0328,2026-06-12,980,24,35,5
PH0328,2026-06-19,901,40,41,8
PH0328,2026-06-26,1014,35,61,6
PH0328,2026-07-03,861,47,56,13
PH0328,2026-07-10,941,49,38,15
PH0328,2026-07-17,892,37,56,9
PH0328,2026-07-24,1005,34,35,9
PH0328,2026-07-31,1018,39,39,13
PH0328,2026-08-07,974,44,43,16
PH0328,2026-08-14,1044,38,42,10
PH0328,2026-08-21,959,39,50,16
PH0332,2026-06-05,381,19,22,4
PH0332,2026-06-12,385,18,12,8
PH0332,2026-06-19,385,24,13,9
PH0332,2026-06-26,376,21,25,5
PH0332,2026-07-03,365,10,18,3
PH0332,2026-07-10,369,14,14,4
PH0332,2026-07-17,395,16,22,6
PH0332,2026-07-24,384,17,14,6
PH0332,2026-07-31,371,15,11,6
PH0332,2026-08-07,389,17,21,2
PH0332,2026-08-14,405,13,16,5
PH0332,2026-08-21,403,14,19,3
PH0334,2026-06-05,938,40,54,12
PH0334,2026-06-12,924,45,55,14
PH0334,2026-06-19,999,36,57,9
PH0334,2026-06-26,927,30,32,9
PH0334,2026-07-03,1020,50,54,17
PH0334,2026-07-10,907,37,54,13
PH0334,2026-07-17,1030,32,51,8
PH0334,2026-07-24,1108,48,46,11
PH0334,2026-07-31,1010,45,48,16
PH0334,2026-08-07,982,42,49,16
PH0334,2026-08-14,1044,46,44,12
PH0334,2026-08-21,967,41,39,10
PH0335,2026-06-05,705,31,40,9
PH0335,2026-06-12,699,31,39,13
PH0335,2026-06-19,785,28,37,5
PH0335,2026-06-26,633,23,44,8
PH0335,2026-07-03,700,21,23,8
PH0335,2026-07-10,665,32,35,7
PH0335,2026-07-17,802,29,22,4
PH0335,2026-07-24,713,37,29,9
PH0335,2026-07-31,705,37,36,14
PH0335,2026-08-07,631,17,39,8
PH0335,2026-08-14,694,16,26,2
PH0335,2026-08-21,737,35,25,8
PH0336,2026-06-05,782,24,38,2
PH0336,2026-06-12,667,34,32,8
PH0336,2026-06-19,693,22,38,7
PH0336,2026-06-26,746,32,30,10
PH0336,2026-07-03,694,32,43,4
PH0336,2026-07-10,675,27,44,10
PH0336,2026-07-17,746,27,35,8
PH0336,2026-07-24,724,31,45,9
PH0336,2026-07-31,722,29,31,10
PH0336,2026-08-07,742,39,30,10
PH0336,2026-08-14,713,27,29,5
PH0336,2026-08-21,635,35,33,11
PH0337,2026-06-05,531,17,31,4
PH0337,2026-06-12,485,20,22,6
PH0337,2026-06-19,506,20,32,5
PH0337,2026-06-26,508,24,22,5
PH0337,2026-07-03,501,16,20,3
PH0337,2026-07-10,489,18,27,7
PH0337,2026-07-17,528,20,31,8
PH0337,2026-07-24,538,20,22,7
PH0337,2026-07-31,473,19,27,4
PH0337,2026-08-07,528,25,15,4
PH0337,2026-08-14,494,19,17,10
PH0337,2026-08-21,549,23,24,9
PH0339,2026-06-05,1577,42,83,12
PH0339,2026-06-12,1631,61,74,21
PH0339,2026-06-19,1650,75,58,26
PH0339,2026-06-26,1578,62,72,22
PH0339,2026-07-03,1335,44,68,11
PH0339,2026-07-10,1881,57,75,13
PH0339,2026-07-17,1650,64,79,15
PH0339,2026-07-24,1602,74,69,21
PH0339,2026-07-31,1673,67,68,17
PH0339,2026-08-07,1527,58,71,12
PH0339,2026-08-14,1692,66,61,19
PH0339,2026-08-21,1634,58,76,24
PH0342,2026-06-05,380,13,24,4
PH0342,2026-06-12,434,18,16,3
PH0342,2026-06-19,400,7,26,0
PH0342,2026-06-26,385,18,23,5
PH0342,2026-07-03,370,14,19,6
PH0342,2026-07-10,427,15,14,4
PH0342,2026-07-17,399,20,19,5
PH0342,2026-07-24,400,18,16,9
PH0342,2026-07-31,408,12,23,4
PH0342,2026-08-07,402,18,18,5
PH0342,2026-08-14,401,18,18,5
PH0342,2026-08-21,387,12,19,6
PH0343,2026-06-05,452,21,24,7
PH0343,2026-06-12,369,18,25,3
PH0343,2026-06-19,487,23,14,6
PH0343,2026-06-26,462,12,17,3
PH0343,2026-07-03,425,14,24,4
PH0343,2026-07-10,498,21,14,2
PH0343,2026-07-17,470,18,27,4
PH0343,2026-07-24,432,15,23,4
PH0343,2026-07-31,449,13,23,1
PH0343,2026-08-07,428,17,14,3
PH0343,2026-08-14,431,26,19,6
PH0343,2026-08-21,436,23,21,4
PH0349,2026-06-05,937,23,52,7
PH0349,2026-06-12,859,31,40,5
PH0349,2026-06-19,961,27,40,6
PH0349,2026-06-26,949,39,34,8
PH0349,2026-07-03,882,35,38,11
PH0349,2026-07-10,914,34,42,7
PH0349,2026-07-17,867,36,48,9
PH0349,2026-07-24,957,37,49,7
PH0349,2026-07-31,934,28,33,5
PH0349,2026-08-07,863,40,42,11
PH0349,2026-08-14,889,33,35,11
PH0349,2026-08-21,905,45,49,16
PH0351,2026-06-05,149,6,4,1
PH0351,2026-06-12,155,3,3,2
PH0351,2026-06-19,151,7,7,2
PH0351,2026-06-26,140,4,15,3
PH0351,2026-07-03,140,4,6,2
PH0351,2026-07-10,152,5,14,1
PH0351,2026-07-17,153,9,9,3
PH0351,2026-07-24,161,7,5,2
PH0351,2026-07-31,165,9,7,5
PH0351,2026-08-07,144,4,4,1
PH0351,2026-08-14,156,6,7,2
PH0351,2026-08-21,147,10,9,5
PH0352,2026-06-05,161,11,9,1
PH0352,2026-06-12,193,3,8,1
PH0352,2026-06-19,179,8,4,2
PH0352,2026-06-26,168,9,12,1
PH0352,2026-07-03,184,5,10,2
PH0352,2026-07-10,184,10,12,3
PH0352,2026-07-17,166,3,4,0
PH0352,2026-07-24,157,8,5,3
PH0352,2026-07-31,184,7,7,1
PH0352,2026-08-07,168,11,10,4
PH0352,2026-08-14,172,11,8,5
PH0352,2026-08-21,174,5,7,0
PH0353,2026-06-05,621,21,23,7
PH0353,2026-06-12,669,31,31,12
PH0353,2026-06-19,666,19,36,3
PH0353,2026-06-26,570,26,40,8
PH0353,2026-07-03,603,23,30,5
PH0353,2026-07-10,580,20,15,5
PH0353,2026-07-17,565,26,42,3
PH0353,2026-07-24,663,28,32,9
PH0353,2026-07-31,621,27,27,9
PH0353,2026-08-07,555,17,25,6
PH0353,2026-08-14,674,24,20,4
PH0353,2026-08-21,721,24,25,7
PH0354,2026-06-05,659,27,38,9
PH0354,2026-06-12,774,21,35,9
PH0354,2026-06-19,713,15,29,5
PH0354,2026-06-26,688,21,22,7
PH0354,2026-07-03,678,24,43,7
PH0354,2026-07-10,723,33,38,8
PH0354,2026-07-17,716,31,22,13
PH0354,2026-07-24,693,28,31,12
PH0354,2026-07-31,756,30,30,9
PH0354,2026-08-07,749,31,32,10
PH0354,2026-08-14,740,34,36,10
PH0354,2026-08-21,695,26,40,11
PH0355,2026-06-05,517,22,32,9
PH0355,2026-06-12,582,22,19,8
PH0355,2026-06-19,550,23,26,5
PH0355,2026-06-26,576,32,27,11
PH0355,2026-07-03,584,17,40,4
PH0355,2026-07-10,521,31,28,5
PH0355,2026-07-17,483,26,22,5
PH0355,2026-07-24,537,25,34,9
PH0355,2026-07-31,541,19,23,8
PH0355,2026-08-07,524,23,24,8
PH0355,2026-08-14,555,22,27,7
PH0355,2026-08-21,574,21,20,9
PH0357,2026-06-05,1122,32,57,10
PH0357,2026-06-12,1207,38,53,13
PH0357,2026-06-19,1084,40,41,11
PH0357,2026-06-26,1091,37,56,11
PH0357,2026-07-03,1172,48,49,11
PH0357,2026-07-10,1158,43,59,10
PH0357,2026-07-17,1263,49,41,15
PH0357,2026-07-24,1143,42,56,5
PH0357,2026-07-31,1152,54,54,20
PH0357,2026-08-07,1102,46,53,16
PH0357,2026-08-14,1081,44,58,13
PH0357,2026-08-21,1078,44,51,16
PH0361,2026-06-05,202,6,11,3
PH0361,2026-06-12,213,7,7,4
PH0361,2026-06-19,222,6,10,0
PH0361,2026-06-26,195,6,6,0
PH0361,2026-07-03,222,9,16,1
PH0361,2026-07-10,184,11,7,1
PH0361,2026-07-17,201,8,12,3
PH0361,2026-07-24,199,9,15,3
PH0361,2026-07-31,198,8,3,1
PH0361,2026-08-07,243,8,13,1
PH0361,2026-08-14,202,8,13,2
PH0361,2026-08-21,207,4,12,1
PH0362,2026-06-05,253,7,10,1
PH0362,2026-06-12,238,5,12,0
PH0362,2026-06-19,233,7,11,2
PH0362,2026-06-26,229,7,8,0
PH0362,2026-07-03,236,6,11,1
PH0362,2026-07-10,245,8,15,3
PH0362,2026-07-17,258,12,15,4
PH0362,2026-07-24,248,7,16,2
PH0362,2026-07-31,229,11,8,5
PH0362,2026-08-07,258,7,9,2
PH0362,2026-08-14,253,9,6,2
PH0362,2026-08-21,247,15,7,7
PH0364,2026-06-05,112,4,7,0
PH0364,2026-06-12,119,3,5,1
PH0364,2026-06-19,117,3,5,1
PH0364,2026-06-26,119,1,4,0
PH0364,2026-07-03,122,7,5,1
PH0364,2026-07-10,112,3,4,0
PH0364,2026-07-17,108,5,6,0
PH0364,2026-07-24,115,4,5,2
PH0364,2026-07-31,123,7,4,3
PH0364,2026-08-07,114,2,8,1
PH0364,2026-08-14,118,5,9,1
PH0364,2026-08-21,108,3,0,1
PH0366,2026-06-05,283,7,17,4
PH0366,2026-06-12,281,9,13,4
PH0366,2026-06-19,290,10,12,4
PH0366,2026-06-26,325,15,13,3
PH0366,2026-07-03,313,8,11,4
PH0366,2026-07-10,244,8,14,1
PH0366,2026-07-17,332,13,12,6
PH0366,2026-07-24,277,5,12,1
PH0366,2026-07-31,294,7,13,1
PH0366,2026-08-07,298,13,17,4
PH0366,2026-08-14,305,8,14,4
PH0366,2026-08-21,295,9,21,3
PH0367,2026-06-05,708,28,40,11
PH0367,2026-06-12,738,32,31,8
PH0367,2026-06-19,849,22,45,7
PH0367,2026-06-26,659,16,35,3
PH0367,2026-07-03,728,22,34,7
PH0367,2026-07-10,786,41,38,12
PH0367,2026-07-17,762,24,26,10
PH0367,2026-07-24,797,17,38,5
PH0367,2026-07-31,781,31,35,8
PH0367,2026-08-07,804,27,45,10
PH0367,2026-08-14,747,37,33,7
PH0367,2026-08-21,671,28,38,6
PH0368,2026-06-05,592,25,32,6
PH0368,2026-06-12,631,18,28,2
PH0368,2026-06-19,573,18,32,5
PH0368,2026-06-26,642,22,22,6
PH0368,2026-07-03,583,25,34,6
PH0368,2026-07-10,608,30,22,9
PH0368,2026-07-17,576,25,18,5
PH0368,2026-07-24,573,26,24,7
PH0368,2026-07-31,548,27,28,6
PH0368,2026-08-07,615,30,35,10
PH0368,2026-08-14,575,29,18,13
PH0368,2026-08-21,643,24,28,4
PH0369,2026-06-05,523,10,22,1
PH0369,2026-06-12,528,18,24,11
PH0369,2026-06-19,483,15,36,9
PH0369,2026-06-26,488,21,22,4
PH0369,2026-07-03,492,27,20,9
PH0369,2026-07-10,473,18,28,4
PH0369,2026-07-17,468,18,35,5
PH0369,2026-07-24,540,14,20,5
PH0369,2026-07-31,468,14,23,4
PH0369,2026-08-07,480,17,22,4
PH0369,2026-08-14,502,23,29,11
PH0369,2026-08-21,452,18,18,5
PH0371,2026-06-05,199,9,10,4
PH0371,2026-06-12,195,6,9,4
PH0371,2026-06-19,187,8,9,2
PH0371,2026-06-26,182,6,12,2
PH0371,2026-07-03,200,10,6,2
PH0371,2026-07-10,188,10,7,2
PH0371,2026-07-17,191,4,13,2
PH0371,2026-07-24,197,10,8,6
PH0371,2026-07-31,214,11,11,4
PH0371,2026-08-07,220,6,2,2
PH0371,2026-08-14,193,8,6,2
PH0371,2026-08-21,198,7,8,2
PH0372,2026-06-05,452,21,20,7
PH0372,2026-06-12,401,11,20,3
PH0372,2026-06-19,455,16,17,3
PH0372,2026-06-26,432,20,21,5
PH0372,2026-07-03,456,21,20,4
PH0372,2026-07-10,489,22,25,4
PH0372,2026-07-17,436,12,26,4
PH0372,2026-07-24,443,16,23,7
PH0372,2026-07-31,450,17,23,5
PH0372,2026-08-07,449,18,23,7
PH0372,2026-08-14,476,19,22,1
PH0372,2026-08-21,448,10,20,4
PH0374,2026-06-05,533,22,22,8
PH0374,2026-06-12,573,17,29,4
PH0374,2026-06-19,525,24,35,4
PH0374,2026-06-26,554,14,21,2
PH0374,2026-07-03,514,17,35,5
PH0374,2026-07-10,528,18,19,10
PH0374,2026-07-17,590,10,16,3
PH0374,2026-07-24,535,24,22,8
PH0374,2026-07-31,501,18,33,3
PH0374,2026-08-07,464,13,37,3
PH0374,2026-08-14,545,24,38,5
PH0374,2026-08-21,553,18,23,9
PH0375,2026-06-05,423,16,30,7
PH0375,2026-06-12,395,12,9,3
PH0375,2026-06-19,503,13,25,3
PH0375,2026-06-26,432,19,18,2
PH0375,2026-07-03,438,12,25,4
PH0375,2026-07-10,414,13,19,6
PH0375,2026-07-17,456,23,21,10
PH0375,2026-07-24,483,16,16,5
PH0375,2026-07-31,405,14,24,5
PH0375,2026-08-07,390,16,21,2
PH0375,2026-08-14,385,15,18,1
PH0375,2026-08-21,429,20,17,7
PH0376,2026-06-05,1150,46,65,11
PH0376,2026-06-12,1214,47,66,13
PH0376,2026-06-19,1134,53,36,18
PH0376,2026-06-26,1184,44,55,7
PH0376,2026-07-03,1094,35,67,10
PH0376,2026-07-10,1141,50,56,10
PH0376,2026-07-17,1158,48,68,16
PH0376,2026-07-24,1134,50,51,11
PH0376,2026-07-31,1175,50,61,15
PH0376,2026-08-07,1096,58,49,10
PH0376,2026-08-14,1126,39,55,14
PH0376,2026-08-21,1061,37,47,14
PH0377,2026-06-05,276,9,7,3
PH0377,2026-06-12,253,4,12,2
PH0377,2026-06-19,232,8,12,4
PH0377,2026-06-26,273,9,11,5
PH0377,2026-07-03,273,14,16,4
PH0377,2026-07-10,276,7,7,3
PH0377,2026-07-17,240,11,17,2
PH0377,2026-07-24,277,8,19,0
PH0377,2026-07-31,262,8,11,2
PH0377,2026-08-07,270,8,10,3
PH0377,2026-08-14,253,15,10,6
PH0377,2026-08-21,217,6,19,0
PH0378,2026-06-05,220,10,14,3
PH0378,2026-06-12,212,5,10,1
PH0378,2026-06-19,210,9,16,4
PH0378,2026-06-26,199,9,6,3
PH0378,2026-07-03,208,9,16,1
PH0378,2026-07-10,222,11,9,3
PH0378,2026-07-17,220,5,16,2
PH0378,2026-07-24,205,10,5,4
PH0378,2026-07-31,206,6,6,3
PH0378,2026-08-07,215,11,10,2
PH0378,2026-08-14,241,10,8,3
PH0378,2026-08-21,223,6,8,2
PH0381,2026-06-05,208,9,11,3
PH0381,2026-06-12,159,2,6,1
PH0381,2026-06-19,170,5,10,2
PH0381,2026-06-26,171,7,9,3
PH0381,2026-07-03,183,5,11,0
PH0381,2026-07-10,182,6,6,0
PH0381,2026-07-17,185,5,6,1
PH0381,2026-07-24,186,5,11,0
PH0381,2026-07-31,185,5,12,2
PH0381,2026-08-07,184,12,17,7
PH0381,2026-08-14,178,11,6,3
PH0381,2026-08-21,193,6,6,0
PH0386,2026-06-05,4638,111,199,34
PH0386,2026-06-12,4641,105,180,29
PH0386,2026-06-19,4418,122,180,33
PH0386,2026-06-26,4471,120,168,33
PH0386,2026-07-03,4035,132,165,39
PH0386,2026-07-10,4205,133,179,29
PH0386,2026-07-17,4583,133,171,38
PH0386,2026-07-24,4350,116,165,28
PH0386,2026-07-31,3930,131,171,35
PH0386,2026-08-07,4084,141,162,40
PH0386,2026-08-14,4321,114,159,32
PH0386,2026-08-21,4341,110,150,38
